ID, Time, Theta_1, Theta_2, D_Theta_1, D_Theta_2, DD_Theta_1, DD_Theta_2, Torque_1, Torque_2
1, 0.0, -1.965148341741356, -2.826602296119542, 0.20557639640375672, 0.11654045429372532, 20.55763964037567, 11.65404542937253, -0.6348827674761772, 0.09910589795824731
2, 0.010020964360587001, -1.9620646957952996, -2.824854189305136, 0.41115279280751343, 0.23308090858745065, 20.55763964037567, 11.65404542937253, -0.5253199142579962, 0.15208709435977805
3, 0.020041928721174003, -1.9569252858852058, -2.821940677947793, 0.6167291892112702, 0.34962136288117596, 20.55763964037567, 11.65404542937253, -0.41118272530980887, 0.2015224817922064
4, 0.030062893081761004, -1.9497301120110744, -2.817861762047513, 0.8223055856150269, 0.4661618171749013, 20.55763964037567, 11.65404542937253, -0.2923843150616436, 0.24738328685858077
5, 0.040083857442348006, -1.9404791741729053, -2.812617441604295, 1.0278819820187834, 0.5827022714686266, 20.55763964037567, 11.65404542937253, -0.1688029759519306, 0.28963104846897664
6, 0.05010482180293501, -1.9291724723706987, -2.80620771661814, 1.2334583784225404, 0.6992427257623519, 20.55763964037567, 11.65404542937253, -0.040282125546117764, 0.32821944601082165
7, 0.06012578616352201, -1.9158100066044546, -2.798632587089048, 1.4390347748262968, 0.8157831800560772, 20.55763964037567, 11.65404542937253, 0.09336973923976521, 0.36309665761182397
8, 0.07014675052410901, -1.9003917768741727, -2.7898920530170184, 1.6446111712300537, 0.9323236343498026, 20.55763964037567, 11.65404542937253, 0.2323790624860308, 0.39420825162683126
9, 0.08016771488469601, -1.8829177831798534, -2.779986114402052, 1.8501875676338104, 1.0488640886435279, 20.55763964037567, 11.65404542937253, 0.37700719995262866, 0.4215006121864463
10, 0.09018867924528301, -1.8633880255214965, -2.768914771244148, 2.0557639640375673, 1.1654045429372533, 20.55763964037567, 11.65404542937253, 0.527550308873741, 0.4449248955591182
11, 0.10020964360587002, -1.8428303858811208, -2.7572607258147754, 2.055763964037567, 1.165404542937253, 0.0, 0.0, 0.04256605716457329, 0.4411903617393981
12, 0.11023060796645702, -1.822272746240745, -2.745606680385403, 2.055763964037567, 1.165404542937253, 0.0, 0.0, 0.08069514747073481, 0.4089731345741609
13, 0.12025157232704402, -1.8017151066003696, -2.7339526349560304, 2.055763964037567, 1.165404542937253, 0.0, 0.0, 0.11932490523559758, 0.37690675492706116
14, 0.13027253668763103, -1.7811574669599939, -2.722298589526658, 2.055763964037567, 1.165404542937253, 0.0, 0.0, 0.15845854399512294, 0.34502367431066133
15, 0.14029350104821803, -1.7605998273196182, -2.7106445440972853, 2.055763964037567, 1.165404542937253, 0.0, 0.0, 0.19809895253270027, 0.3133561581678182
16, 0.15031446540880503, -1.7400421876792425, -2.698990498667913, 2.055763964037567, 1.165404542937253, 0.0, 0.0, 0.2382486738424925, 0.281936252506659
17, 0.16033542976939202, -1.7194845480388667, -2.68733645323854, 2.055763964037567, 1.165404542937253, 0.0, 0.0, 0.27890988437370745, 0.2507957507626422
18, 0.17035639412997902, -1.6989269083984913, -2.675682407809168, 2.055763964037567, 1.165404542937253, 0.0, 0.0, 0.32008437358495323, 0.21996616092208454
19, 0.18037735849056602, -1.6783692687581155, -2.664028362379795, 2.055763964037567, 1.165404542937253, 0.0, 0.0, 0.36177352383753325, 0.189478672941231
20, 0.19039832285115302, -1.6578116291177398, -2.652374316950423, 2.055763964037567, 1.165404542937253, 0.0, 0.0, 0.40397829065619284, 0.15936412649467457
21, 0.20041928721174004, -1.6372539894773641, -2.64072027152105, 2.055763964037567, 1.165404542937253, 0.0, 0.0, 0.44669918338550574, 0.12965297908655388
22, 0.21044025157232704, -1.6166963498369884, -2.6290662260916777, 2.055763964037567, 1.165404542937253, 0.0, 0.0, 0.4899362462696705, 0.10037527455761541
23, 0.22046121593291404, -1.596138710196613, -2.617412180662305, 2.055763964037567, 1.165404542937253, 0.0, 0.0, 0.5336890399830743, 0.07156061202078468
24, 0.23048218029350104, -1.575581070556237, -2.6057581352329326, 2.055763964037567, 1.165404542937253, 0.0, 0.0, 0.577956623638537, 0.043238115257475784
25, 0.24050314465408804, -1.5550234309158615, -2.59410408980356, 2.055763964037567, 1.165404542937253, 0.0, 0.0, 0.622737537299632, 0.015436402606363808
26, 0.25052410901467503, -1.5344657912754858, -2.5824500443741876, 2.055763964037567, 1.165404542937253, 0.0, 0.0, 0.668029785023023, -0.011816442624143941
27, 0.26054507337526206, -1.51390815163511, -2.570795998944815, 2.055763964037567, 1.165404542937253, 0.0, 0.0, 0.7138308184561302, -0.038492901189063566
28, 0.27056603773584903, -1.4933505119947343, -2.5591419535154425, 2.055763964037567, 1.165404542937253, 0.0, 0.0, 0.7601375210149426, -0.06456604635549723
29, 0.28058700209643606, -1.4727928723543586, -2.5474879080860697, 2.055763964037567, 1.165404542937253, 0.0, 0.0, 0.8069461926661334, -0.0900095717373186
30, 0.290607966457023, -1.4522352327139831, -2.5358338626566974, 2.055763964037567, 1.165404542937253, 0.0, 0.0, 0.8542525353370287, -0.11479781848699544
31, 0.30062893081761005, -1.4316775930736072, -2.5241798172273247, 2.055763964037567, 1.165404542937253, 0.0, 0.0, 0.9020516389763125, -0.13890580181637224
32, 0.310649895178197, -1.4111199534332317, -2.5125257717979523, 2.055763964037567, 1.165404542937253, 0.0, 0.0, 0.9503379682876576, -0.1623092368188921
33, 0.32067085953878405, -1.3905623137928562, -2.5008717263685796, 2.055763964037567, 1.165404542937253, 0.0, 0.0, 0.9991053501577764, -0.1849845635664984
34, 0.3306918238993711, -1.3700046741524803, -2.4892176809392073, 2.055763964037567, 1.165404542937253, 0.0, 0.0, 1.048346961799623, -0.2069089714551754
35, 0.34071278825995804, -1.3494470345121048, -2.477563635509835, 2.055763964037567, 1.165404542937253, 0.0, 0.0, 1.0980553196307203, -0.22806042277389627
36, 0.35073375262054507, -1.3288893948717289, -2.465909590080462, 2.055763964037567, 1.165404542937253, 0.0, 0.0, 1.1482222689058241, -0.24841767547252902
37, 0.36075471698113204, -1.3083317552313534, -2.4542555446510894, 2.055763964037567, 1.165404542937253, 0.0, 0.0, 1.1988389741222703, -0.2679603051050947
38, 0.37077568134171907, -1.2877741155909777, -2.442601499221717, 2.055763964037567, 1.165404542937253, 0.0, 0.0, 1.2498959102155847, -0.2866687259256304
39, 0.38079664570230604, -1.267216475950602, -2.430947453792345, 2.055763964037567, 1.165404542937253, 0.0, 0.0, 1.301382854562013, -0.3045242111147719
40, 0.39081761006289306, -1.2466588363102264, -2.419293408362972, 2.055763964037567, 1.165404542937253, 0.0, 0.0, 1.3532888798038079, -0.321508912116093
41, 0.4008385744234801, -1.2261011966698507, -2.4076393629335997, 2.055763964037567, 1.165404542937253, 0.0, 0.0, 1.405602347512185, -0.33760587706214595
42, 0.41085953878406706, -1.205543557029475, -2.395985317504227, 2.055763964037567, 1.165404542937253, 0.0, 0.0, 1.4583109027019479, -0.3527990682711064
43, 0.4208805031446541, -1.1849859173890993, -2.3843312720748546, 2.055763964037567, 1.165404542937253, 0.0, 0.0, 1.5114014692108664, -0.3670733787958721
44, 0.43090146750524105, -1.1644282777487236, -2.372677226645482, 2.055763964037567, 1.165404542937253, 0.0, 0.0, 1.564860245955926, -0.38041464800846725
45, 0.4409224318658281, -1.143870638108348, -2.3610231812161095, 2.055763964037567, 1.165404542937253, 0.0, 0.0, 1.6186727040776168, -0.392809676203588
46, 0.45094339622641505, -1.1233129984679722, -2.349369135786737, 2.055763964037567, 1.165404542937253, 0.0, 0.0, 1.6728235849824402, -0.40424623820615835
47, 0.4609643605870021, -1.1027553588275967, -2.3377150903573645, 2.055763964037567, 1.165404542937253, 0.0, 0.0, 1.727296899292826, -0.41471309596878003
48, 0.47098532494758905, -1.082197719187221, -2.3260610449279917, 2.055763964037567, 1.165404542937253, 0.0, 0.0, 1.7820759267126585, -0.4242000101460297
49, 0.48100628930817607, -1.0616400795468453, -2.3144069994986194, 2.055763964037567, 1.165404542937253, 0.0, 0.0, 1.8371432168155628, -0.4326977506335943
50, 0.4910272536687631, -1.0410824399064698, -2.3027529540692466, 2.055763964037567, 1.165404542937253, 0.0, 0.0, 1.8924805907621118, -0.44019810606133514
51, 0.5010482180293501, -1.0205248002660938, -2.2910989086398743, 2.055763964037567, 1.165404542937253, 0.0, 0.0, 1.9480691439510658, -0.44669389223042777
52, 0.511069182389937, -0.9999671606257182, -2.2794448632105015, 2.055763964037567, 1.165404542937253, 0.0, 0.0, 2.0038892496086835, -0.45217895948585163
53, 0.5210901467505241, -0.9794095209853425, -2.2677908177811292, 2.055763964037567, 1.165404542937253, 0.0, 0.0, 2.0599205633191606, -0.4566481990165774
54, 0.5311111111111111, -0.9588518813449669, -2.2561367723517565, 2.055763964037567, 1.165404542937253, 0.0, 0.0, 2.1161420284981127, -0.46009754807693404
55, 0.5411320754716981, -0.9382942417045912, -2.244482726922384, 2.055763964037567, 1.165404542937253, 0.0, 0.0, 2.1725318828100226, -0.46252399412374756
56, 0.5511530398322851, -0.9177366020642155, -2.2328286814930114, 2.055763964037567, 1.165404542937253, 0.0, 0.0, 2.2290676655294708, -0.46392557786497024
57, 0.5611740041928721, -0.8971789624238398, -2.221174636063639, 2.055763964037567, 1.165404542937253, 0.0, 0.0, 2.2857262258449165, -0.4643013952166444
58, 0.5711949685534591, -0.876621322783464, -2.2095205906342663, 2.055763964037567, 1.165404542937253, 0.0, 0.0, 2.342483732102715, -0.46365159816618706
59, 0.581215932914046, -0.8560636831430883, -2.197866545204894, 2.055763964037567, 1.165404542937253, 0.0, 0.0, 2.3993156819880017, -0.46197739454110365
60, 0.5912368972746331, -0.8355060435027128, -2.1862124997755212, 2.055763964037567, 1.165404542937253, 0.0, 0.0, 2.4561969136379833, -0.4592810466833832
61, 0.6012578616352201, -0.8149484038623371, -2.174558454346149, 2.055763964037567, 1.165404542937253, 0.0, 0.0, 2.513101617682138, -0.4555658690309632
62, 0.6112788259958071, -0.7943907642219614, -2.162904408916776, 2.055763964037567, 1.165404542937253, 0.0, 0.0, 2.570003350202734, -0.45083622460877626
63, 0.621299790356394, -0.7738331245815857, -2.151250363487404, 2.055763964037567, 1.165404542937253, 0.0, 0.0, 2.6268750466080357, -0.44509752043303563
64, 0.6313207547169811, -0.75327548494121, -2.139596318058031, 2.055763964037567, 1.165404542937253, 0.0, 0.0, 2.6836890364095085, -0.4383562018335325
65, 0.6413417190775681, -0.7327178453008343, -2.1279422726286588, 2.055763964037567, 1.165404542937253, 0.0, 0.0, 2.7404170588932764, -0.4306197456998475
66, 0.6513626834381552, -0.7121602056604586, -2.116288227199286, 2.055763964037567, 1.165404542937253, 0.0, 0.0, 2.7970302796750657, -0.4218966526584891
67, 0.6613836477987421, -0.6916025660200831, -2.1046341817699137, 2.055763964037567, 1.165404542937253, 0.0, 0.0, 2.853499308126813, -0.41219643818909
68, 0.671404612159329, -0.6710449263797076, -2.0929801363405414, 2.055763964037567, 1.165404542937253, 0.0, 0.0, 2.9097942156621253, -0.40152962268887993
69, 0.6814255765199161, -0.6504872867393319, -2.0813260909111686, 2.055763964037567, 1.165404542937253, 0.0, 0.0, 2.9658845548667343, -0.38990772049575784
70, 0.6914465408805032, -0.6299296470989562, -2.069672045481796, 2.055763964037567, 1.165404542937253, 0.0, 0.0, 3.021739379459122, -0.3773432278813579
71, 0.7014675052410901, -0.6093720074585804, -2.0580180000524235, 2.055763964037567, 1.165404542937253, 0.0, 0.0, 3.0773272650654997, -0.36384961002657246
72, 0.711488469601677, -0.5888143678182047, -2.046363954623051, 2.055763964037567, 1.165404542937253, 0.0, 0.0, 3.1326163307923327, -0.3494412869930582
73, 0.7215094339622641, -0.568256728177829, -2.0347099091936784, 2.055763964037567, 1.165404542937253, 0.0, 0.0, 3.1875742615786895, -0.3341336187052827
74, 0.7315303983228512, -0.5476990885374533, -2.0230558637643057, 2.055763964037567, 1.165404542937253, 0.0, 0.0, 3.2421683313097125, -0.3179428889587055
75, 0.7415513626834381, -0.5271414488970776, -2.0114018183349334, 2.055763964037567, 1.165404542937253, 0.0, 0.0, 3.2963654266716222, -0.30088628847068777
76, 0.7515723270440251, -0.5065838092567019, -1.9997477729055608, 2.055763964037567, 1.165404542937253, 0.0, 0.0, 3.3501320717277423, -0.2829818969917257
77, 0.7615932914046121, -0.4860261696163264, -1.9880937274761883, 2.055763964037567, 1.165404542937253, 0.0, 0.0, 3.4034344531941585, -0.2642486644955746
78, 0.7716142557651992, -0.4654685299759507, -1.9764396820468157, 2.055763964037567, 1.165404542937253, 0.0, 0.0, 3.456238446392768, -0.24470639146778472
79, 0.7816352201257861, -0.44491089033557496, -1.9647856366174432, 2.055763964037567, 1.165404542937253, 0.0, 0.0, 3.5085096418586206, -0.2243757083131076
80, 0.7916561844863731, -0.42435325069519925, -1.9531315911880707, 2.055763964037567, 1.165404542937253, 0.0, 0.0, 3.5602133725776506, -0.20327805390314235
81, 0.8016771488469602, -0.40379561105482353, -1.9414775457586981, 2.055763964037567, 1.165404542937253, 0.0, 0.0, 3.6113147418300926, -0.1814356532864898
82, 0.8116981132075471, -0.3832379714144478, -1.9298235003293256, 2.055763964037567, 1.165404542937253, 0.0, 0.0, 3.661778651614112, -0.15887149458454108
83, 0.8217190775681341, -0.3626803317740721, -1.918169454899953, 2.055763964037567, 1.165404542937253, 0.0, 0.0, 3.7115698316234162, -0.13560930509688185
84, 0.8317400419287211, -0.3421226921336966, -1.9065154094705807, 2.055763964037567, 1.165404542937253, 0.0, 0.0, 3.7606528687519303, -0.11167352664110641
85, 0.8417610062893082, -0.3215650524933211, -1.894861364041208, 2.055763964037567, 1.165404542937253, 0.0, 0.0, 3.8089922370978773, -0.08708929015263378
86, 0.8517819706498952, -0.3010074128529454, -1.8832073186118357, 2.055763964037567, 1.165404542937253, 0.0, 0.0, 3.856552328438984, -0.06188238957088488
87, 0.8618029350104821, -0.2804497732125697, -1.871553273182463, 2.055763964037567, 1.165404542937253, 0.0, 0.0, 3.903297483149865, -0.03607925503891618
88, 0.8718238993710691, -0.259892133572194, -1.8598992277530906, 2.055763964037567, 1.165404542937253, 0.0, 0.0, 3.9491920215320317, -0.009706925444326053
89, 0.8818448637316562, -0.23933449393181827, -1.8482451823237178, 2.055763964037567, 1.165404542937253, 0.0, 0.0, 3.9942002755264294, 0.017206979670080003
90, 0.8918658280922432, -0.21877685429144256, -1.8365911368943455, 2.055763964037567, 1.165404542937253, 0.0, 0.0, 4.0382866207777806, 0.044634288796707056
91, 0.9018867924528301, -0.19821921465106684, -1.8249370914649727, 2.055763964037567, 1.165404542937253, 0.0, 0.0, 4.081415509019589, 0.072546307724912
92, 0.9119077568134171, -0.17766157501069113, -1.8132830460356002, 2.055763964037567, 1.165404542937253, 0.0, 0.0, 4.123551500748091, 0.10091384934369341
93, 0.9219287211740042, -0.15710393537031564, -1.8016290006062277, 2.055763964037567, 1.165404542937253, 0.0, 0.0, 4.164659298153037, 0.129707263954414
94, 0.9319496855345912, -0.13654629572993993, -1.7899749551768551, 2.055763964037567, 1.165404542937253, 0.0, 0.0, 4.20470377827274, 0.15889647006209823
95, 0.9419706498951781, -0.11598865608956421, -1.7783209097474826, 2.055763964037567, 1.165404542937253, 0.0, 0.0, 4.243650026340438, 0.18845098561335272
96, 0.9519916142557651, -0.0954310164491885, -1.76666686431811, 2.055763964037567, 1.165404542937253, 0.0, 0.0, 4.281463369288694, 0.21833995964850117
97, 0.9620125786163521, -0.07487337680881279, -1.7550128188887375, 2.055763964037567, 1.165404542937253, 0.0, 0.0, 4.3181094093781764, 0.24853220433508788
98, 0.9720335429769392, -0.05431573716843707, -1.743358773459365, 2.055763964037567, 1.165404542937253, 0.0, 0.0, 4.3535540579169325, 0.2789962273495109
99, 0.9820545073375262, -0.03375809752806158, -1.7317047280299926, 2.055763964037567, 1.165404542937253, 0.0, 0.0, 4.387763569035996, 0.30970026457318794
100, 0.992075471698113, -0.013200457887685868, -1.72005068260062, 2.055763964037567, 1.165404542937253, 0.0, 0.0, 4.42070457348693, 0.3406123130693294
101, 1.0020964360587001, 0.007357181752689845, -1.7083966371712476, 2.055763964037567, 1.165404542937253, 0.0, 0.0, 4.452344112426763, 0.3717001643060972
102, 1.0121174004192872, 0.027914821393065337, -1.696742591741875, 2.055763964037567, 1.165404542937253, 0.0, 0.0, 4.482649671155599, 0.4029314375916853
103, 1.022138364779874, 0.04847246103344105, -1.6850885463125025, 2.055763964037567, 1.165404542937253, 0.0, 0.0, 4.511589212772093, 0.43427361368662565
104, 1.0321593291404612, 0.06903010067381699, -1.67343450088313, 2.055763964037567, 1.165404542937253, 0.0, 0.0, 4.539131211711894, 0.4656940685584433
105, 1.0421802935010482, 0.08958774031419248, -1.6617804554537574, 2.055763964037567, 1.165404542937253, 0.0, 0.0, 4.565244687134119, 0.4971601072436413
106, 1.0522012578616353, 0.11014537995456797, -1.6501264100243849, 2.055763964037567, 1.165404542937253, 0.0, 0.0, 4.589899236120963, 0.5286389977818816
107, 1.0622222222222222, 0.1307030195949439, -1.6384723645950123, 2.055763964037567, 1.165404542937253, 0.0, 0.0, 4.613065066655482, 0.5600980051871493
108, 1.072243186582809, 0.1512606592353194, -1.6268183191656398, 2.055763964037567, 1.165404542937253, 0.0, 0.0, 4.634713030342789, 0.5915044254206554
109, 1.0822641509433961, 0.17181829887569533, -1.6151642737362673, 2.055763964037567, 1.165404542937253, 0.0, 0.0, 4.654814654839919, 0.6228256193302357
110, 1.0922851153039832, 0.19237593851607082, -1.6035102283068947, 2.055763964037567, 1.165404542937253, 0.0, 0.0, 4.673342175959767, 0.6540290465210188
111, 1.1023060796645703, 0.21293357815644676, -1.5918561828775222, 2.055763964037567, 1.165404542937253, 0.0, 0.0, 4.690268569414739, 0.6850822991222383
112, 1.1123270440251571, 0.23349121779682225, -1.5802021374481496, 2.055763964037567, 1.165404542937253, 0.0, 0.0, 4.705567582165927, 0.7159531354151384
113, 1.1223480083857442, 0.2540488574371982, -1.568548092018777, 2.055763964037567, 1.165404542937253, 0.0, 0.0, 4.719213763343861, 0.7466095132870979
114, 1.1323689727463313, 0.2746064970775737, -1.5568940465894046, 2.055763964037567, 1.165404542937253, 0.0, 0.0, 4.731182494707239, 0.7770196234772512
115, 1.1423899371069182, 0.29516413671794917, -1.545240001160032, 2.055763964037567, 1.165404542937253, 0.0, 0.0, 4.741450020606277, 0.8071519225791238
116, 1.152410901467505, 0.3157217763583251, -1.5335859557306595, 2.055763964037567, 1.165404542937253, 0.0, 0.0, 4.749993477417758, 0.8369751657660345
117, 1.162431865828092, 0.3362794159987006, -1.521931910301287, 2.055763964037567, 1.165404542937253, 0.0, 0.0, 4.7567909224192, 0.8664584392053141
118, 1.1724528301886792, 0.35683705563907653, -1.5102778648719144, 2.055763964037567, 1.165404542937253, 0.0, 0.0, 4.761821362070009, 0.8955711921277145
119, 1.1824737945492663, 0.377394695279452, -1.4986238194425419, 2.055763964037567, 1.165404542937253, 0.0, 0.0, 4.765064779667963, 0.9242832685187297
120, 1.1924947589098531, 0.39795233491982795, -1.4869697740131693, 2.055763964037567, 1.165404542937253, 0.0, 0.0, 4.766502162349815, 0.9525649383989578
121, 1.2025157232704402, 0.41850997456020345, -1.4753157285837968, 2.055763964037567, 1.165404542937253, 0.0, 0.0, 4.766115527405429, 0.9803869286610418
122, 1.2125366876310273, 0.4390676142005794, -1.4636616831544242, 2.055763964037567, 1.165404542937253, 0.0, 0.0, 4.763887947875299, 1.007720453431208
123, 1.2225576519916141, 0.45962525384095443, -1.452007637725052, 2.055763964037567, 1.165404542937253, 0.0, 0.0, 4.759803577402023, 1.0345372439238907
124, 1.2325786163522012, 0.4801828934813299, -1.4403535922956794, 2.055763964037567, 1.165404542937253, 0.0, 0.0, 4.753847674306839, 1.0608095777584856
125, 1.242599580712788, 0.5007405331217059, -1.4286995468663068, 2.055763964037567, 1.165404542937253, 0.0, 0.0, 4.746006624863025, 1.0865103077077989
126, 1.2526205450733752, 0.5212981727620813, -1.4170455014369343, 2.055763964037567, 1.165404542937253, 0.0, 0.0, 4.736267965738667, 1.1116128898483832
127, 1.2626415094339623, 0.5418558124024573, -1.4053914560075618, 2.055763964037567, 1.165404542937253, 0.0, 0.0, 4.724620405581984, 1.1360914110835507
128, 1.272662473794549, 0.5624134520428328, -1.3937374105781892, 2.055763964037567, 1.165404542937253, 0.0, 0.0, 4.711053845723171, 1.159920616010505
129, 1.2826834381551362, 0.5829710916832087, -1.3820833651488167, 2.055763964037567, 1.165404542937253, 0.0, 0.0, 4.695559399967495, 1.1830759331037308
130, 1.2927044025157233, 0.6035287313235842, -1.3704293197194442, 2.055763964037567, 1.165404542937253, 0.0, 0.0, 4.678129413455177, 1.2055335001874663
131, 1.3027253668763104, 0.6240863709639597, -1.3587752742900716, 2.055763964037567, 1.165404542937253, 0.0, 0.0, 4.658757480564412, 1.2272701891708435
132, 1.3127463312368972, 0.6446440106043356, -1.347121228860699, 2.055763964037567, 1.165404542937253, 0.0, 0.0, 4.63743846183479, 1.248263630020031
133, 1.3227672955974843, 0.6652016502447111, -1.3354671834313265, 2.055763964037567, 1.165404542937253, 0.0, 0.0, 4.614168499889191, 1.2684922339425106
134, 1.3327882599580714, 0.6831385461000454, -1.3219900688590873, 1.6444715237383918, 1.5939961756227077, -29.84361235900747, 49.25694367975769, 2.911063519264381, 1.5978718401886973
135, 1.342809224318658, 0.6980910807194789, -1.3035872599188725, 1.3460354001483172, 2.086565612420285, -29.84361235900747, 49.25694367975769, 2.785980800723939, 1.8700560891314997
136, 1.352830188679245, 0.7100592541030117, -1.2802587566106816, 1.0475992765582427, 2.5791350492178617, -29.84361235900747, 49.25694367975769, 2.663361122582656, 2.136057827514398
137, 1.3628511530398322, 0.7190430662506438, -1.2520045589345152, 0.7491631529681678, 3.071704486015439, -29.84361235900747, 49.25694367975769, 2.543051411781095, 2.3957482187569616
138, 1.3728721174004193, 0.7250425171623751, -1.2188246668903728, 0.45072702937809295, 3.564273922813016, -29.84361235900747, 49.25694367975769, 2.424768749631994, 2.649033973354764
139, 1.3828930817610063, 0.7280576068382056, -1.1807190804782548, 0.15229090578801818, 4.056843359610593, -29.84361235900747, 49.25694367975769, 2.308101706746246, 2.895873301464579
140, 1.3929140461215932, 0.7280883352781355, -1.137687799698161, -0.14614521780205647, 4.549412796408169, -29.84361235900747, 49.25694367975769, 2.192514688330425, 3.136296218013204
141, 1.4029350104821803, 0.7251347024821645, -1.0897308245500914, -0.4445813413921312, 5.041982233205747, -29.84361235900747, 49.25694367975769, 2.077355536123712, 3.3704287448940504
142, 1.4129559748427674, 0.7191967084502928, -1.036848155034046, -0.7430174649822062, 5.5345516700033235, -29.84361235900747, 49.25694367975769, 1.9618666483355856, 3.598520336821456
143, 1.422976939203354, 0.7102743531825204, -0.9790397911500248, -1.041453588572281, 6.027121106800902, -29.84361235900747, 49.25694367975769, 1.8451998628845554, 3.8209735818056596
144, 1.432997903563941, 0.6998598172967976, -0.918768580082016, -1.0414535885722804, 6.0271211068009, 0.0, 0.0, 3.437513862126034, 3.952930460531819
145, 1.4430188679245282, 0.6894452814110749, -0.858497369014007, -1.0414535885722804, 6.0271211068009, 0.0, 0.0, 3.4517335733948715, 3.963172130411974
146, 1.4530398322851152, 0.679030745525352, -0.7982261579459979, -1.0414535885722804, 6.0271211068009, 0.0, 0.0, 3.461958692779745, 3.9710726720023857
147, 1.4630607966457023, 0.6686162096396292, -0.7379549468779889, -1.0414535885722804, 6.0271211068009, 0.0, 0.0, 3.4682396785347778, 3.9766114379467594
148, 1.4730817610062892, 0.6582016737539064, -0.67768373580998, -1.0414535885722804, 6.0271211068009, 0.0, 0.0, 3.470637520098648, 3.979773585640914
149, 1.4831027253668763, 0.6477871378681836, -0.617412524741971, -1.0414535885722804, 6.0271211068009, 0.0, 0.0, 3.469223494992392, 3.9805501180333214
150, 1.4931236897274633, 0.6373726019824608, -0.5571413136739619, -1.0414535885722804, 6.0271211068009, 0.0, 0.0, 3.4640788953890316, 3.978937910119063
151, 1.5031446540880502, 0.626958066096738, -0.496870102605953, -1.0414535885722804, 6.0271211068009, 0.0, 0.0, 3.455294725364284, 3.974939721046357
152, 1.513165618448637, 0.6165435302110152, -0.43659889153794396, -1.0414535885722804, 6.0271211068009, 0.0, 0.0, 3.4429713699267928, 3.968564191789797
153, 1.5231865828092241, 0.6061289943252923, -0.3763276804699349, -1.0414535885722804, 6.0271211068009, 0.0, 0.0, 3.4272182370115867, 3.9598258283796453
154, 1.5332075471698112, 0.5957144584395695, -0.3160564694019258, -1.0414535885722804, 6.0271211068009, 0.0, 0.0, 3.4081533737014325, 3.948744970711765
155, 1.5432285115303983, 0.5852999225538468, -0.25578525833391685, -1.0414535885722804, 6.0271211068009, 0.0, 0.0, 3.3859030580172367, 3.9353477469980636
156, 1.5532494758909852, 0.5748853866681239, -0.19551404726590782, -1.0414535885722804, 6.0271211068009, 0.0, 0.0, 3.360601367690415, 3.919666013952494
157, 1.5632704402515722, 0.5644708507824011, -0.13524283619789879, -1.0414535885722804, 6.0271211068009, 0.0, 0.0, 3.332389727396905, 3.901737282842662
158, 1.5732914046121593, 0.5540563148966784, -0.07497162512988997, -1.0414535885722804, 6.0271211068009, 0.0, 0.0, 3.301416435994144, 3.8816046315718644
159, 1.5833123689727462, 0.5436417790109556, -0.01470041406188094, -1.0414535885722804, 6.0271211068009, 0.0, 0.0, 3.2678361753586462, 3.859316602990784
160, 1.5933333333333333, 0.5332272431252327, 0.045570797006128094, -1.0414535885722804, 6.0271211068009, 0.0, 0.0, 3.231809502472545, 3.834927089672059
161, 1.6033542976939203, 0.5228127072395099, 0.10584200807413713, -1.0414535885722804, 6.0271211068009, 0.0, 0.0, 3.1935023264526734, 3.808495205414431
162, 1.6133752620545074, 0.5123981713537871, 0.16611321914214616, -1.0414535885722804, 6.0271211068009, 0.0, 0.0, 3.1530853722550827, 3.780085143776063
163, 1.6233962264150943, 0.5019836354680642, 0.22638443021015542, -1.0414535885722804, 6.0271211068009, 0.0, 0.0, 3.110733632821376, 3.749766023968836
164, 1.6334171907756811, 0.49156909958234146, 0.28665564127816445, -1.0414535885722804, 6.0271211068009, 0.0, 0.0, 3.0666258114608103, 3.7176117244768943
165, 1.6434381551362682, 0.4811545636966187, 0.3469268523461735, -1.0414535885722804, 6.0271211068009, 0.0, 0.0, 3.020943756283564, 3.6837007047933543
166, 1.6534591194968553, 0.4707400278108959, 0.4071980634141821, -1.0414535885722804, 6.0271211068009, 0.0, 0.0, 2.973871888516036, 3.648115815698799
167, 1.6634800838574422, 0.4603254919251731, 0.4674692744821911, -1.0414535885722804, 6.0271211068009, 0.0, 0.0, 2.9255966265383475, 3.6109440985339356
168, 1.6735010482180293, 0.4499109560394503, 0.5277404855502001, -1.0414535885722804, 6.0271211068009, 0.0, 0.0, 2.8763058074875003, 3.572276573946487
169, 1.6835220125786163, 0.4394964201537275, 0.5880116966182092, -1.0414535885722804, 6.0271211068009, 0.0, 0.0, 2.8261881082667544, 3.532208020618931
170, 1.6935429769392034, 0.42908188426800464, 0.6482829076862184, -1.0414535885722804, 6.0271211068009, 0.0, 0.0, 2.775432467792977, 3.4908367445090924
171, 1.7035639412997905, 0.41866734838228187, 0.7085541187542275, -1.0414535885722804, 6.0271211068009, 0.0, 0.0, 2.724227512298816, 3.448264339159699
172, 1.7135849056603771, 0.4082528124965591, 0.7688253298222363, -1.0414535885722804, 6.0271211068009, 0.0, 0.0, 2.6727609854858367, 3.4045954376558014
173, 1.7236058700209642, 0.39783827661083626, 0.8290965408902453, -1.0414535885722804, 6.0271211068009, 0.0, 0.0, 2.6212191852982056, 3.3599374568303864
174, 1.7336268343815513, 0.38742374072511343, 0.8893677519582543, -1.0414535885722804, 6.0271211068009, 0.0, 0.0, 2.5697864090542835, 3.3144003343384894
175, 1.7436477987421382, 0.37700920483939065, 0.9496389630262634, -1.0414535885722804, 6.0271211068009, 0.0, 0.0, 2.5186444086357107, 3.2680962592386047
176, 1.7536687631027252, 0.3665946689536678, 1.0099101740942724, -1.0414535885722804, 6.0271211068009, 0.0, 0.0, 2.4679718573904483, 3.221139396737172
177, 1.7636897274633123, 0.356180133067945, 1.0701813851622815, -1.0414535885722804, 6.0271211068009, 0.0, 0.0, 2.4179438303578196, 3.1736456077672828
178, 1.7737106918238994, 0.3457655971822222, 1.1304525962302905, -1.0414535885722804, 6.0271211068009, 0.0, 0.0, 2.368731299370273, 3.1257321640865245
179, 1.7837316561844865, 0.3353510612964994, 1.1907238072982995, -1.0414535885722804, 6.0271211068009, 0.0, 0.0, 2.3205006445283103, 3.077517459590984
180, 1.7937526205450731, 0.32493652541077656, 1.2509950183663086, -1.0414535885722804, 6.0271211068009, 0.0, 0.0, 2.2734131834822713, 3.0291207185528393
181, 1.8037735849056602, 0.31452198952505384, 1.3112662294343171, -1.0414535885722804, 6.0271211068009, 0.0, 0.0, 2.2276247198874906, 2.9806617014976573
182, 1.8137945492662473, 0.304107453639331, 1.3715374405023262, -1.0414535885722804, 6.0271211068009, 0.0, 0.0, 2.1832851123280483, 2.932260409444472
183, 1.8238155136268341, 0.2936929177536082, 1.4318086515703352, -1.0414535885722804, 6.0271211068009, 0.0, 0.0, 2.1405378649292635, 2.8840367872368726
184, 1.8338364779874212, 0.2832783818678854, 1.4920798626383442, -1.0414535885722804, 6.0271211068009, 0.0, 0.0, 2.0995197408003405, 2.836110426696735
185, 1.8438574423480083, 0.27286384598216257, 1.5523510737063533, -1.0414535885722804, 6.0271211068009, 0.0, 0.0, 2.0603603993666355, 2.788600270333816
186, 1.8538784067085954, 0.26244931009643974, 1.6126222847743623, -1.0414535885722804, 6.0271211068009, 0.0, 0.0, 2.0231820585660514, 2.7416243163442156
187, 1.8638993710691825, 0.25203477421071696, 1.6728934958423713, -1.0414535885722804, 6.0271211068009, 0.0, 0.0, 1.9880991827963679, 2.6952993256286955
188, 1.8739203354297693, 0.24162023832499413, 1.7331647069103808, -1.0414535885722804, 6.0271211068009, 0.0, 0.0, 1.9552181974103604, 2.6497405315579985
189, 1.8839412997903562, 0.2312057024392713, 1.7934359179783899, -1.0414535885722804, 6.0271211068009, 0.0, 0.0, 1.924637230463404, 2.6050613532066835
190, 1.8939622641509433, 0.22079116655354847, 1.853707129046399, -1.0414535885722804, 6.0271211068009, 0.0, 0.0, 1.8964458823244912, 2.5613731127695667
191, 1.9039832285115301, 0.21037663066782564, 1.913978340114408, -1.0414535885722804, 6.0271211068009, 0.0, 0.0, 1.8707250236663597, 2.518784757865634
192, 1.9140041928721172, 0.19996209478210292, 1.974249551182417, -1.0414535885722804, 6.0271211068009, 0.0, 0.0, 1.8475466222541064, 2.4774025894233414
193, 1.9240251572327043, 0.1895475588963801, 2.034520762250426, -1.0414535885722804, 6.0271211068009, 0.0, 0.0, 1.8269735988546647, 2.4373299958284838
194, 1.9340461215932914, 0.18100248976957597, 2.0856884011823538, -0.7617931568544006, 4.7517533255768525, 18.542751165201867, -73.00211352318456, 2.890883842014546, 0.9760504126393996
195, 1.9440670859538784, 0.17431169575929206, 2.129555828761963, -0.576365645202382, 4.021732190345008, 18.542751165201867, -73.00211352318456, 3.0585509743942945, 0.5650714950722824
196, 1.9540880503144653, 0.16947517686552835, 2.166123044989254, -0.3909381335503634, 3.2917110551131623, 18.542751165201867, -73.00211352318456, 3.2122042845423793, 0.16281933103847845
197, 1.9641090146750524, 0.1664929330882848, 2.1953900498642263, -0.20551062189834457, 2.5616899198813163, 18.542751165201867, -73.00211352318456, 3.352934322771596, -0.23128220504818353
198, 1.9741299790356395, 0.16536496442756146, 2.2173568433868804, -0.020083110246325864, 1.8316687846494712, 18.542751165201867, -73.00211352318456, 3.481780602853314, -0.6177329818746906
199, 1.984150943396226, 0.1660912708833583, 2.2320234255572156, 0.1653444014056928, 1.1016476494176253, 18.542751165201867, -73.00211352318456, 3.599625166577065, -0.9969309976537377
200, 1.9941719077568132, 0.16867185245567531, 2.239389796375233, 0.35077191305771144, 0.37162651418577974, 18.542751165201867, -73.00211352318456, 3.707114633303496, -1.3691541683630173
201, 2.0041928721174003, 0.1731067091445125, 2.2394559558409313, 0.53619942470973, -0.35839462104606556, 18.542751165201867, -73.00211352318456, 3.804607855332094, -1.7345488313888087
202, 2.0142138364779876, 0.17939584094986993, 2.2322219039543114, 0.7216269363617489, -1.0884157562779118, 18.542751165201867, -73.00211352318456, 3.892146931198789, -2.0931244788868115
203, 2.0242348008385744, 0.18753924787174753, 2.217687640715373, 0.9070544480137679, -1.8184368915097582, 18.542751165201867, -73.00211352318456, 3.9694502441410684, -2.4447544807470605
204, 2.0342557651991613, 0.19660979235188517, 2.1995032718002756, 0.9070544480137673, -1.8184368915097564, 0.0, 0.0, 3.0972517493290415, -1.6159772812495072
205, 2.044276729559748, 0.20568033683202283, 2.181318902885178, 0.9070544480137673, -1.8184368915097564, 0.0, 0.0, 3.0971225104066304, -1.6097152116675773
206, 2.0542976939203355, 0.21475088131216052, 2.1631345339700805, 0.9070544480137673, -1.8184368915097564, 0.0, 0.0, 3.096776365703718, -1.6033982962100122
207, 2.0643186582809223, 0.2238214257922982, 2.1449501650549827, 0.9070544480137673, -1.8184368915097564, 0.0, 0.0, 3.096213339263139, -1.5970271014875352
208, 2.074339622641509, 0.23289197027243586, 2.1267657961398854, 0.9070544480137673, -1.8184368915097564, 0.0, 0.0, 3.0954334729145074, -1.590602197501683
209, 2.0843605870020965, 0.24196251475257352, 2.1085814272247876, 0.9070544480137673, -1.8184368915097564, 0.0, 0.0, 3.094436826271049, -1.584124157583964
210, 2.0943815513626833, 0.25103305923271124, 2.0903970583096902, 0.9070544480137673, -1.8184368915097564, 0.0, 0.0, 3.0932234767249818, -1.577593558335122
211, 2.1044025157232706, 0.2601036037128489, 2.0722126893945925, 0.9070544480137673, -1.8184368915097564, 0.0, 0.0, 3.091793519441439, -1.5710109795645022
212, 2.114423480083857, 0.2691741481929866, 2.054028320479495, 0.9070544480137673, -1.8184368915097564, 0.0, 0.0, 3.0901470673509395, -1.5643770042295366
213, 2.1244444444444444, 0.27824469267312424, 2.0358439515643973, 0.9070544480137673, -1.8184368915097564, 0.0, 0.0, 3.088284251140398, -1.5576922183753497
214, 2.134465408805031, 0.2873152371532619, 2.0176595826493, 0.9070544480137673, -1.8184368915097564, 0.0, 0.0, 3.086205219242691, -1.5509572110745047
215, 2.144486373165618, 0.29638578163339957, 1.9994752137342022, 0.9070544480137673, -1.8184368915097564, 0.0, 0.0, 3.0839101378247644, -1.544172574366887
216, 2.1545073375262054, 0.30545632611353724, 1.981290844819105, 0.9070544480137673, -1.8184368915097564, 0.0, 0.0, 3.0813991907742873, -1.5373389031997435
217, 2.1645283018867922, 0.3145268705936749, 1.963106475904007, 0.9070544480137673, -1.8184368915097564, 0.0, 0.0, 3.078672579684861, -1.5304567953678783
218, 2.1745492662473795, 0.32359741507381257, 1.9449221069889098, 0.9070544480137673, -1.8184368915097564, 0.0, 0.0, 3.075730523839777, -1.523526851454022
219, 2.1845702306079664, 0.3326679595539503, 1.926737738073812, 0.9070544480137673, -1.8184368915097564, 0.0, 0.0, 3.072573260194324, -1.516549674769372
220, 2.1945911949685533, 0.34173850403408795, 1.9085533691587144, 0.9070544480137673, -1.8184368915097564, 0.0, 0.0, 3.0692010433566486, -1.509525871294324
221, 2.2046121593291406, 0.3508090485142257, 1.8903690002436169, 0.9070544480137673, -1.8184368915097564, 0.0, 0.0, 3.065614145567178, -1.5024560496193908
222, 2.2146331236897274, 0.35987959299436334, 1.8721846313285193, 0.9070544480137673, -1.8184368915097564, 0.0, 0.0, 3.0618128566765903, -1.4953408208863253
223, 2.2246540880503143, 0.368950137474501, 1.8540002624134218, 0.9070544480137673, -1.8184368915097564, 0.0, 0.0, 3.057797484122349, -1.4881807987294515
224, 2.234675052410901, 0.37802068195463867, 1.8358158934983242, 0.9070544480137673, -1.8184368915097564, 0.0, 0.0, 3.0535683529037945, -1.4809765992172097
225, 2.2446960167714884, 0.38709122643477634, 1.8176315245832266, 0.9070544480137673, -1.8184368915097564, 0.0, 0.0, 3.0491258055557995, -1.4737288407939269
226, 2.2547169811320753, 0.396161770914914, 1.799447155668129, 0.9070544480137673, -1.8184368915097564, 0.0, 0.0, 3.044470202120993, -1.4664381442218164
227, 2.2647379454926626, 0.40523231539505167, 1.7812627867530315, 0.9070544480137673, -1.8184368915097564, 0.0, 0.0, 3.0396019201205444, -1.4591051325232152
228, 2.2747589098532495, 0.41430285987518933, 1.763078417837934, 0.9070544480137673, -1.8184368915097564, 0.0, 0.0, 3.034521354523518, -1.4517304309230659
229, 2.2847798742138363, 0.423373404355327, 1.7448940489228364, 0.9070544480137673, -1.8184368915097564, 0.0, 0.0, 3.0292289177148044, -1.4443146667916476
230, 2.2948008385744236, 0.43244394883546466, 1.7267096800077388, 0.9070544480137673, -1.8184368915097564, 0.0, 0.0, 3.023725039461623, -1.4368584695875686
231, 2.30482180293501, 0.44151449331560244, 1.7085253110926413, 0.9070544480137673, -1.8184368915097564, 0.0, 0.0, 3.0180101668785992, -1.4293624708010175
232, 2.3148427672955973, 0.45058503779574, 1.6903409421775437, 0.9070544480137673, -1.8184368915097564, 0.0, 0.0, 3.0120847643914277, -1.421827303897288
233, 2.324863731656184, 0.45965558227587766, 1.6721565732624462, 0.9070544480137673, -1.8184368915097564, 0.0, 0.0, 3.0059493136991087, -1.414253604260579
234, 2.3348846960167715, 0.46872612675601544, 1.6539722043473486, 0.9070544480137673, -1.8184368915097564, 0.0, 0.0, 2.9996043137347845, -1.4066420091380754
235, 2.3449056603773584, 0.4777966712361531, 1.635787835432251, 0.9070544480137673, -1.8184368915097564, 0.0, 0.0, 2.9930502806251496, -1.3989931575843175
236, 2.3549266247379452, 0.48686721571629077, 1.6176034665171533, 0.9070544480137673, -1.8184368915097564, 0.0, 0.0, 2.9862877476484666, -1.391307690405864
237, 2.3649475890985325, 0.49593776019642843, 1.599419097602056, 0.9070544480137673, -1.8184368915097564, 0.0, 0.0, 2.9793172651911686, -1.3835862501062515
238, 2.3749685534591194, 0.5050083046765661, 1.5812347286869581, 0.9070544480137673, -1.8184368915097564, 0.0, 0.0, 2.9721394007030684, -1.3758294808312581
239, 2.3849895178197063, 0.5140788491567038, 1.5630503597718608, 0.9070544480137673, -1.8184368915097564, 0.0, 0.0, 2.9647547386511617, -1.368038028314479
240, 2.395010482180293, 0.5231493936368414, 1.544865990856763, 0.9070544480137673, -1.8184368915097564, 0.0, 0.0, 2.957163880472049, -1.360212539823209
241, 2.4050314465408804, 0.5322199381169791, 1.5266816219416657, 0.9070544480137673, -1.8184368915097564, 0.0, 0.0, 2.9493674445229567, -1.35235366410465
242, 2.4150524109014673, 0.5412904825971168, 1.508497253026568, 0.9070544480137673, -1.8184368915097564, 0.0, 0.0, 2.9413660660313816, -1.344462051332435
243, 2.4250733752620546, 0.5503610270772544, 1.4903128841114706, 0.9070544480137673, -1.8184368915097564, 0.0, 0.0, 2.933160397043348, -1.336538353053484
244, 2.4350943396226414, 0.5594315715573922, 1.4721285151963728, 0.9070544480137673, -1.8184368915097564, 0.0, 0.0, 2.924751106370291, -1.3285832221351859
245, 2.4451153039832283, 0.5685021160375299, 1.4539441462812754, 0.9070544480137673, -1.8184368915097564, 0.0, 0.0, 2.9161388795345706, -1.3205973127129214
246, 2.4551362683438156, 0.5775726605176675, 1.4357597773661777, 0.9070544480137673, -1.8184368915097564, 0.0, 0.0, 2.9073244187136096, -1.312581280137918
247, 2.4651572327044025, 0.5866432049978052, 1.41757540845108, 0.9070544480137673, -1.8184368915097564, 0.0, 0.0, 2.8983084426826684, -1.3045357809254527
248, 2.4751781970649893, 0.5957137494779429, 1.3993910395359825, 0.9070544480137673, -1.8184368915097564, 0.0, 0.0, 2.8890916867562755, -1.2964614727033963
249, 2.485199161425576, 0.6047842939580805, 1.381206670620885, 0.9070544480137673, -1.8184368915097564, 0.0, 0.0, 2.879674902728282, -1.288359014161111
250, 2.4952201257861635, 0.6138548384382182, 1.3630223017057874, 0.9070544480137673, -1.8184368915097564, 0.0, 0.0, 2.870058858810581, -1.2802290649986952
251, 2.5052410901467503, 0.622925382918356, 1.3448379327906899, 0.9070544480137673, -1.8184368915097564, 0.0, 0.0, 2.8602443395704817, -1.272072285876588
252, 2.515262054507337, 0.6319959273984936, 1.3266535638755923, 0.9070544480137673, -1.8184368915097564, 0.0, 0.0, 2.8502321458667375, -1.2638893383655276
253, 2.5252830188679245, 0.6410664718786313, 1.3084691949604947, 0.9070544480137673, -1.8184368915097564, 0.0, 0.0, 2.8400230947842457, -1.2556808848968726
254, 2.5353039832285114, 0.650137016358769, 1.2902848260453972, 0.9070544480137673, -1.8184368915097564, 0.0, 0.0, 2.8296180195674134, -1.2474475887132845
255, 2.545324947589098, 0.6592075608389066, 1.2721004571302994, 0.9070544480137673, -1.8184368915097564, 0.0, 0.0, 2.8190177695522127, -1.2391901138197756
256, 2.5553459119496855, 0.6682781053190444, 1.2539160882152018, 0.9070544480137673, -1.8184368915097564, 0.0, 0.0, 2.8082232100968962, -1.2309091249351243
257, 2.5653668763102724, 0.6773486497991821, 1.2357317193001043, 0.9070544480137673, -1.8184368915097564, 0.0, 0.0, 2.797235222511423, -1.2226052874436577
258, 2.5753878406708597, 0.6864191942793197, 1.2175473503850067, 0.9070544480137673, -1.8184368915097564, 0.0, 0.0, 2.7860547039855614, -1.214279267347406
259, 2.5854088050314465, 0.6954897387594574, 1.1993629814699092, 0.9070544480137673, -1.8184368915097564, 0.0, 0.0, 2.7746825675157023, -1.205931731218629
260, 2.5954297693920334, 0.704560283239595, 1.1811786125548118, 0.9070544480137673, -1.8184368915097564, 0.0, 0.0, 2.763119741830373, -1.1975633461527144
261, 2.6054507337526207, 0.7136308277197326, 1.1629942436397143, 0.9070544480137673, -1.8184368915097564, 0.0, 0.0, 2.7513671713144543, -1.1891747797214522
262, 2.615471698113207, 0.7227013721998703, 1.1448098747246167, 0.9070544480137673, -1.8184368915097564, 0.0, 0.0, 2.7394258159321403, -1.1807666999266844
263, 2.6254926624737944, 0.7317719166800081, 1.1266255058095191, 0.9070544480137673, -1.8184368915097564, 0.0, 0.0, 2.7272966511485857, -1.1723397751543296
264, 2.6355136268343813, 0.7408424611601457, 1.1084411368944216, 0.9070544480137673, -1.8184368915097564, 0.0, 0.0, 2.7149806678503206, -1.163894674128787
265, 2.6455345911949686, 0.7499130056402834, 1.0902567679793238, 0.9070544480137673, -1.8184368915097564, 0.0, 0.0, 2.702478872264372, -1.1554320658677155
266, 2.6555555555555554, 0.7589835501204211, 1.0720723990642262, 0.9070544480137673, -1.8184368915097564, 0.0, 0.0, 2.6897922858761456, -1.1469526196371929
267, 2.6655765199161428, 0.7680540946005587, 1.0538880301491287, 0.9070544480137673, -1.8184368915097564, 0.0, 0.0, 2.676921945346055, -1.1384570049072513
268, 2.6755974842767296, 0.7771246390806964, 1.0357036612340311, 0.9070544480137673, -1.8184368915097564, 0.0, 0.0, 2.6638689024248983, -1.1299458913077924
269, 2.685618448637316, 0.7861951835608341, 1.0175192923189336, 0.9070544480137673, -1.8184368915097564, 0.0, 0.0, 2.650634223868014, -1.1214199485848781
270, 2.6956394129979033, 0.7952657280409718, 0.999334923403836, 0.9070544480137673, -1.8184368915097564, 0.0, 0.0, 2.637218991348192, -1.1128798465574024
271, 2.70566037735849, 0.8043362725211095, 0.9811505544887384, 0.9070544480137673, -1.8184368915097564, 0.0, 0.0, 2.6236243013673723, -1.1043262550741366
272, 2.7156813417190775, 0.8134068170012472, 0.9629661855736409, 0.9070544480137673, -1.8184368915097564, 0.0, 0.0, 2.609851265167123, -1.0957598439711536
273, 2.7257023060796643, 0.8224773614813848, 0.9447818166585433, 0.9070544480137673, -1.8184368915097564, 0.0, 0.0, 2.5959010086379166, -1.087181283029628
274, 2.7357232704402517, 0.8315479059615225, 0.9265974477434458, 0.9070544480137673, -1.8184368915097564, 0.0, 0.0, 2.5817746722271977, -1.0785912419340078
275, 2.7457442348008385, 0.8406184504416602, 0.908413078828348, 0.9070544480137673, -1.8184368915097564, 0.0, 0.0, 2.5674734108462616, -1.0699903902305656
276, 2.755765199161426, 0.8496889949217978, 0.8902287099132504, 0.9070544480137673, -1.8184368915097564, 0.0, 0.0, 2.552998393775951, -1.061379397286316
277, 2.7657861635220127, 0.8587595394019355, 0.8720443409981531, 0.9070544480137673, -1.8184368915097564, 0.0, 0.0, 2.538350804571169, -1.0527589322483082
278, 2.775807127882599, 0.8678300838820732, 0.8538599720830555, 0.9070544480137673, -1.8184368915097564, 0.0, 0.0, 2.5235318409642247, -1.0441296640032862
279, 2.7858280922431864, 0.8769006283622108, 0.835675603167958, 0.9070544480137673, -1.8184368915097564, 0.0, 0.0, 2.5085427147670143, -1.035492261137719
280, 2.7958490566037733, 0.8859711728423485, 0.8174912342528604, 0.9070544480137673, -1.8184368915097564, 0.0, 0.0, 2.4933846517720557, -1.0268473918981935
281, 2.8058700209643606, 0.8950417173224862, 0.7993068653377629, 0.9070544480137673, -1.8184368915097564, 0.0, 0.0, 2.4780588916523643, -1.0181957241521744
282, 2.8158909853249474, 0.9041122618026238, 0.7811224964226653, 0.9070544480137673, -1.8184368915097564, 0.0, 0.0, 2.4625666878601997, -1.0095379253491246
283, 2.8259119496855347, 0.9131828062827616, 0.7629381275075677, 0.9070544480137673, -1.8184368915097564, 0.0, 0.0, 2.446909307524683, -1.0008746624819862
284, 2.8359329140461216, 0.9222533507628993, 0.7447537585924702, 0.9070544480137673, -1.8184368915097564, 0.0, 0.0, 2.431088031348289, -0.9922066020490162
285, 2.845953878406708, 0.9313238952430369, 0.7265693896773724, 0.9070544480137673, -1.8184368915097564, 0.0, 0.0, 2.415104153502222, -0.983534410015981
286, 2.8559748427672953, 0.9403944397231746, 0.7083850207622748, 0.9070544480137673, -1.8184368915097564, 0.0, 0.0, 2.398958981520696, -0.9748587517787006
287, 2.865995807127882, 0.9494649842033123, 0.6902006518471773, 0.9070544480137673, -1.8184368915097564, 0.0, 0.0, 2.3826538361941116, -0.9661802921259409
288, 2.8760167714884695, 0.9585355286834499, 0.6720162829320797, 0.9070544480137673, -1.8184368915097564, 0.0, 0.0, 2.36619005146115, -0.9574996952026547
289, 2.8860377358490563, 0.9676060731635876, 0.6538319140169822, 0.9070544480137673, -1.8184368915097564, 0.0, 0.0, 2.349568974299784, -0.9488176244735648
290, 2.8960587002096436, 0.9766766176437254, 0.6356475451018846, 0.9070544480137673, -1.8184368915097564, 0.0, 0.0, 2.332791964617223, -0.9401347426870879
291, 2.9060796645702305, 0.985747162123863, 0.617463176186787, 0.9070544480137673, -1.8184368915097564, 0.0, 0.0, 2.315860395138796, -0.9314517118395944
292, 2.916100628930818, 0.9948177066040006, 0.5992788072716897, 0.9070544480137673, -1.8184368915097564, 0.0, 0.0, 2.2987756512957835, -0.9227691931400028
293, 2.9261215932914046, 1.0038882510841383, 0.5810944383565921, 0.9070544480137673, -1.8184368915097564, 0.0, 0.0, 2.2815391311122033, -0.9140878469747024
294, 2.936142557651991, 1.0129587955642758, 0.5629100694414946, 0.9070544480137673, -1.8184368915097564, 0.0, 0.0, 2.2641522450905684, -0.905408332872804
295, 2.9461635220125784, 1.0220293400444136, 0.5447257005263968, 0.9070544480137673, -1.8184368915097564, 0.0, 0.0, 2.2466164160966198, -0.8967313094717109
296, 2.956184486373165, 1.0310998845245514, 0.5265413316112992, 0.9070544480137673, -1.8184368915097564, 0.0, 0.0, 2.2289330792430357, -0.8880574344830126
297, 2.9662054507337525, 1.040170429004689, 0.5083569626962017, 0.9070544480137673, -1.8184368915097564, 0.0, 0.0, 2.2111036817721526, -0.8793873646586863
298, 2.9762264150943394, 1.0492409734848267, 0.4901725937811041, 0.9070544480137673, -1.8184368915097564, 0.0, 0.0, 2.19312968293767, -0.8707217557576172
299, 2.9862473794549267, 1.0583115179649643, 0.47198822486600656, 0.9070544480137673, -1.8184368915097564, 0.0, 0.0, 2.1750125538853884, -0.8620612625124173
300, 2.9962683438155135, 1.067382062445102, 0.453803855950909, 0.9070544480137673, -1.8184368915097564, 0.0, 0.0, 2.1567537775329564, -0.8534065385965531
301, 3.0062893081761004, 1.0764526069252396, 0.43561948703581144, 0.9070544480137673, -1.8184368915097564, 0.0, 0.0, 2.13835484844866, -0.8447582365917647
302, 3.0163102725366873, 1.0855231514053774, 0.4174351181207139, 0.9070544480137673, -1.8184368915097564, 0.0, 0.0, 2.1198172727292484, -0.8361170079557839
303, 3.026331236897274, 1.0945936958855151, 0.3992507492056163, 0.9070544480137673, -1.8184368915097564, 0.0, 0.0, 2.101142567876819, -0.8274835029903367
304, 3.0363522012578614, 1.1036642403656527, 0.38106638029051876, 0.9070544480137673, -1.8184368915097564, 0.0, 0.0, 2.0823322626747647, -0.8188583708094317
305, 3.0463731656184483, 1.1127347848457905, 0.3628820113754212, 0.9070544480137673, -1.8184368915097564, 0.0, 0.0, 2.0633878970627846, -0.810242259307928
306, 3.0563941299790356, 1.121805329325928, 0.3446976424603234, 0.9070544480137673, -1.8184368915097564, 0.0, 0.0, 2.0443110220109966, -0.8016358151303757
307, 3.0664150943396224, 1.1308758738060658, 0.32651327354522586, 0.9070544480137673, -1.8184368915097564, 0.0, 0.0, 2.025103199393122, -0.7930396836401296
308, 3.0764360587002098, 1.1399464182862034, 0.3083289046301285, 0.9070544480137673, -1.8184368915097564, 0.0, 0.0, 2.0057660018587975, -0.7844545088887214
309, 3.0864570230607966, 1.1490169627663411, 0.29014453571503074, 0.9070544480137673, -1.8184368915097564, 0.0, 0.0, 1.986301012704976, -0.7758809335854979
310, 3.0964779874213835, 1.1580875072464787, 0.2719601667999334, 0.9070544480137673, -1.8184368915097564, 0.0, 0.0, 1.9667098257464757, -0.7673195990675102
311, 3.1064989517819703, 1.1671580517266165, 0.2537757978848356, 0.9070544480137673, -1.8184368915097564, 0.0, 0.0, 1.9469940451856473, -0.7587711452696515
312, 3.1165199161425576, 1.176228596206754, 0.23559142896973784, 0.9070544480137673, -1.8184368915097564, 0.0, 0.0, 1.9271552854811989, -0.7502362106950407
313, 3.1265408805031445, 1.1852991406868918, 0.2174070600546405, 0.9070544480137673, -1.8184368915097564, 0.0, 0.0, 1.9071951712161652, -0.7417154323856443
314, 3.1365618448637314, 1.1943696851670296, 0.19922269113954272, 0.9070544480137673, -1.8184368915097564, 0.0, 0.0, 1.8871153369650615, -0.7332094458931288
315, 3.1465828092243187, 1.2034402296471671, 0.18103832222444538, 0.9070544480137673, -1.8184368915097564, 0.0, 0.0, 1.8669174271601972, -0.7247188852499454
316, 3.1566037735849055, 1.2125107741273047, 0.16285395330934804, 0.9070544480137673, -1.8184368915097564, 0.0, 0.0, 1.846603095957188, -0.7162443829406335
317, 3.1666247379454924, 1.2215813186074422, 0.1446695843942507, 0.9070544480137673, -1.8184368915097564, 0.0, 0.0, 1.8261740070996701, -0.7077865698733418
318, 3.1766457023060792, 1.23065186308758, 0.12648521547915292, 0.9070544480137673, -1.8184368915097564, 0.0, 0.0, 1.8056318337832173, -0.6993460753515612
319, 3.1866666666666665, 1.2397224075677176, 0.10830084656405559, 0.9070544480137673, -1.8184368915097564, 0.0, 0.0, 1.7849782585184897, -0.6909235270460633
320, 3.1966876310272534, 1.2487929520478553, 0.0901164776489578, 0.9070544480137673, -1.8184368915097564, 0.0, 0.0, 1.7642149729936052, -0.6825195509670369
321, 3.2067085953878407, 1.2578634965279931, 0.07193210873386002, 0.9070544480137673, -1.8184368915097564, 0.0, 0.0, 1.7433436779357652, -0.6741347714364209
322, 3.2167295597484276, 1.2669340410081307, 0.053747739818762685, 0.9070544480137673, -1.8184368915097564, 0.0, 0.0, 1.7223660829721295, -0.6657698110604245
323, 3.226750524109015, 1.2760045854882685, 0.035563370903664904, 0.9070544480137673, -1.8184368915097564, 0.0, 0.0, 1.7012839064899572, -0.65742529070223
324, 3.2367714884696017, 1.285075129968406, 0.017379001988567566, 0.9070544480137673, -1.8184368915097564, 0.0, 0.0, 1.6800988754960355, -0.6491018294548726
325, 3.2467924528301886, 1.2941456744485438, -0.0008053669265302155, 0.9070544480137673, -1.8184368915097564, 0.0, 0.0, 1.658812725475384, -0.6408000446142905
326, 3.2568134171907754, 1.3032162189286813, -0.018989735841627553, 0.9070544480137673, -1.8184368915097564, 0.0, 0.0, 1.637427200249273, -0.632520551652542
327, 3.2668343815513623, 1.3122867634088191, -0.037174104756725335, 0.9070544480137673, -1.8184368915097564, 0.0, 0.0, 1.6159440518325463, -0.6242639641911788
328, 3.2768553459119496, 1.321357307888957, -0.05535847367182267, 0.9070544480137673, -1.8184368915097564, 0.0, 0.0, 1.5943650402902725, -0.6160308939747765
329, 3.2868763102725365, 1.3304278523690944, -0.07354284258692045, 0.9070544480137673, -1.8184368915097564, 0.0, 0.0, 1.5726919335937335, -0.6078219508446077
330, 3.2968972746331238, 1.3394983968492322, -0.09172721150201779, 0.9070544480137673, -1.8184368915097564, 0.0, 0.0, 1.5509265074757523, -0.5996377427124624
331, 3.3069182389937106, 1.3485689413293698, -0.10991158041711557, 0.9070544480137673, -1.8184368915097564, 0.0, 0.0, 1.5290705452853957, -0.5914788755345979
332, 3.316939203354298, 1.3576394858095076, -0.12809594933221335, 0.9070544480137673, -1.8184368915097564, 0.0, 0.0, 1.5071258378420302, -0.5833459532858243
333, 3.3269601677148843, 1.3671861197972666, -0.14520157022826538, 0.9522759076759103, -1.5024558467707596, -0.4774982199970845, 41.62124856688841, 2.733510542978216, 0.024225399507210477
334, 3.336981132075471, 1.3766850039630258, -0.15814506626762856, 0.9475009254759394, -1.0862433611018756, -0.4774982199970845, 41.62124856688841, 2.699745149167857, 0.2353172757016132
335, 3.3470020964360585, 1.3861361383067854, -0.1669264374503029, 0.9427259432759687, -0.6700308754329917, -0.4774982199970845, 41.62124856688841, 2.663809006982794, 0.4426953494252444
336, 3.3570230607966454, 1.3955395228285452, -0.17154568377628837, 0.9379509610759977, -0.2538183897641073, -0.4774982199970845, 41.62124856688841, 2.625951155360325, 0.6463532529267281
337, 3.3670440251572327, 1.4048951575283053, -0.17200280524558503, 0.9331759788760269, 0.16239409590477705, -0.4774982199970845, 41.62124856688841, 2.5861951022085976, 0.8462684623796966
338, 3.3770649895178195, 1.4142030424060656, -0.16829780185819285, 0.928400996676056, 0.5786065815736612, -0.4774982199970845, 41.62124856688841, 2.5443404168853685, 1.0424034321294653
339, 3.387085953878407, 1.4234631774618265, -0.16043067361411184, 0.9236260144760852, 0.9948190672425452, -0.4774982199970845, 41.62124856688841, 2.4999642719430555, 1.2347076879947845
340, 3.3971069182389937, 1.4326755626955874, -0.14840142051334193, 0.9188510322761145, 1.4110315529114295, -0.4774982199970845, 41.62124856688841, 2.45242304507759, 1.423120900631361
341, 3.407127882599581, 1.4418401981073488, -0.1322100425558832, 0.9140760500761436, 1.827244038580314, -0.4774982199970845, 41.62124856688841, 2.4008543265704017, 1.6075769657083359
342, 3.4171488469601674, 1.4509570836971102, -0.11185653974173561, 0.9093010678761727, 2.2434565242491984, -0.4774982199970845, 41.62124856688841, 2.3441799104857353, 1.7880091200776844
343, 3.4271698113207543, 1.460050094375872, -0.08942197449924369, 0.9093010678761727, 2.2434565242491975, 0.0, 0.0, 1.0448680364010512, 1.315108997769802
344, 3.4371907756813416, 1.4691431050546337, -0.06698740925675173, 0.9093010678761727, 2.2434565242491975, 0.0, 0.0, 0.9794065411869051, 1.2851069198989407
345, 3.4472117400419284, 1.4782361157333954, -0.04455284401425974, 0.9093010678761727, 2.2434565242491975, 0.0, 0.0, 0.9137466434201515, 1.2549419159761723
346, 3.4572327044025157, 1.487329126412157, -0.022118278771767752, 0.9093010678761727, 2.2434565242491975, 0.0, 0.0, 0.8479233137189474, 1.2246441488987927
347, 3.4672536687631026, 1.496422137090919, 0.00031628647072420857, 0.9093010678761727, 2.2434565242491975, 0.0, 0.0, 0.7819716592474157, 1.1942439137000138
348, 3.47727463312369, 1.5055151477696807, 0.022750851713216197, 0.9093010678761727, 2.2434565242491975, 0.0, 0.0, 0.7159268921722499, 1.1637716073470075
349, 3.4872955974842763, 1.5146081584484423, 0.045185416955708185, 0.9093010678761727, 2.2434565242491975, 0.0, 0.0, 0.6498242980172251, 1.1332576984375844
350, 3.497316561844863, 1.523701169127204, 0.06761998219820012, 0.9093010678761727, 2.2434565242491975, 0.0, 0.0, 0.5836992039463911, 1.1027326968256852
351, 3.5073375262054505, 1.5327941798059659, 0.0900545474406921, 0.9093010678761727, 2.2434565242491975, 0.0, 0.0, 0.517586947006752, 1.07222712320591
352, 3.5173584905660373, 1.5418871904847276, 0.1124891126831841, 0.9093010678761727, 2.2434565242491975, 0.0, 0.0, 0.4515228423613054, 1.041771478687369
353, 3.5273794549266246, 1.5509802011634892, 0.13492367792567608, 0.9093010678761727, 2.2434565242491975, 0.0, 0.0, 0.38554215154329685, 1.0113962143871356
354, 3.5374004192872115, 1.560073211842251, 0.15735824316816802, 0.9093010678761727, 2.2434565242491975, 0.0, 0.0, 0.3196800507625636, 0.9811317010735721
355, 3.547421383647799, 1.5691662225210128, 0.17979280841066006, 0.9093010678761727, 2.2434565242491975, 0.0, 0.0, 0.2539715992947502, 0.9510081988897467
356, 3.5574423480083857, 1.5782592331997745, 0.20222737365315205, 0.9093010678761727, 2.2434565242491975, 0.0, 0.0, 0.1884517079841272, 0.9210558271870778
357, 3.567463312368973, 1.5873522438785361, 0.22466193889564398, 0.9093010678761727, 2.2434565242491975, 0.0, 0.0, 0.12315510789060857, 0.8913045344992314
358, 3.5774842767295594, 1.5964452545572978, 0.24709650413813597, 0.9093010678761727, 2.2434565242491975, 0.0, 0.0, 0.05811631911144971, 0.8617840686861655
359, 3.5875052410901462, 1.6055382652360597, 0.269531069380628, 0.9093010678761727, 2.2434565242491975, 0.0, 0.0, -0.006630380192090057, 0.832523947278037
360, 3.5975262054507335, 1.6146312759148214, 0.29196563462312, 0.9093010678761727, 2.2434565242491975, 0.0, 0.0, -0.07105098453301945, 0.8035534280484934
361, 3.6075471698113204, 1.623724286593583, 0.31440019986561196, 0.9093010678761727, 2.2434565242491975, 0.0, 0.0, -0.1351117915719699, 0.7749014798466383
362, 3.6175681341719077, 1.632817297272345, 0.33683476510810395, 0.9093010678761727, 2.2434565242491975, 0.0, 0.0, -0.19877943229601663, 0.7465967537167102
363, 3.6275890985324946, 1.6419103079511066, 0.35926933035059594, 0.9093010678761727, 2.2434565242491975, 0.0, 0.0, -0.2620209008736614, 0.7186675543342208
364, 3.637610062893082, 1.6510033186298683, 0.3817038955930879, 0.9093010678761727, 2.2434565242491975, 0.0, 0.0, -0.32480358415698546, 0.6911418117869845
365, 3.6476310272536683, 1.66009632930863, 0.4041384608355798, 0.9093010678761727, 2.2434565242491975, 0.0, 0.0, -0.38709529080232113, 0.6640470537291345
366, 3.657651991614255, 1.6691893399873918, 0.4265730260780718, 0.9093010678761727, 2.2434565242491975, 0.0, 0.0, -0.44886427998116946, 0.6374103779358407
367, 3.6676729559748424, 1.6782823506661535, 0.4490075913205638, 0.9093010678761727, 2.2434565242491975, 0.0, 0.0, -0.5100792896534954, 0.6112584252860541
368, 3.6776939203354293, 1.6873753613449152, 0.47144215656305577, 0.9093010678761727, 2.2434565242491975, 0.0, 0.0, -0.5707095643759745, 0.5856173532001687
369, 3.6877148846960166, 1.696468372023677, 0.49387672180554776, 0.9093010678761727, 2.2434565242491975, 0.0, 0.0, -0.6307248826181904, 0.5605128095590485
370, 3.6977358490566035, 1.7055613827024387, 0.5163112870480397, 0.9093010678761727, 2.2434565242491975, 0.0, 0.0, -0.6900955835602984, 0.5359699071303786
371, 3.7077568134171908, 1.7146543933812004, 0.5387458522905316, 0.9093010678761727, 2.2434565242491975, 0.0, 0.0, -0.7487925933461763, 0.5120131985278029
372, 3.7177777777777776, 1.723747404059962, 0.5611804175330236, 0.9093010678761727, 2.2434565242491975, 0.0, 0.0, -0.8067874507665944, 0.4886666517277757
373, 3.727798742138365, 1.7328404147387237, 0.5836149827755157, 0.9093010678761727, 2.2434565242491975, 0.0, 0.0, -0.8640523323475291, 0.4659536261685029
374, 3.7378197064989513, 1.7419334254174856, 0.6060495480180077, 0.9093010678761727, 2.2434565242491975, 0.0, 0.0, -0.9205600768193134, 0.44389684945476604
375, 3.7478406708595386, 1.7510264360962473, 0.6284841132604997, 0.9093010678761727, 2.2434565242491975, 0.0, 0.0, -0.9762842089429224, 0.4225183946918243
376, 3.7578616352201255, 1.760119446775009, 0.6509186785029917, 0.9093010678761727, 2.2434565242491975, 0.0, 0.0, -1.031198962670345, 0.4018396584709578
377, 3.7678825995807124, 1.7692124574537709, 0.6733532437454837, 0.9093010678761727, 2.2434565242491975, 0.0, 0.0, -1.0852793036166242, 0.3818813395285744
378, 3.7779035639412997, 1.7783054681325325, 0.6957878089879757, 0.9093010678761727, 2.2434565242491975, 0.0, 0.0, -1.138500950821835, 0.36266341810012614
379, 3.7879245283018865, 1.7873984788112942, 0.7182223742304676, 0.9093010678761727, 2.2434565242491975, 0.0, 0.0, -1.1908403977819833, 0.3442051359893925
380, 3.797945492662474, 1.7964914894900559, 0.7406569394729595, 0.9093010678761727, 2.2434565242491975, 0.0, 0.0, -1.242274932728501, 0.3265249773729766
381, 3.8079664570230602, 1.8055845001688176, 0.7630915047154515, 0.9093010678761727, 2.2434565242491975, 0.0, 0.0, -1.2927826581367663, 0.3096406503591306
382, 3.8179874213836476, 1.8146775108475794, 0.7855260699579435, 0.9093010678761727, 2.2434565242491975, 0.0, 0.0, -1.3423425094448447, 0.29356906931926885
383, 3.8280083857442344, 1.8237705215263411, 0.8079606352004355, 0.9093010678761727, 2.2434565242491975, 0.0, 0.0, -1.3909342729644036, 0.2783263380097706
384, 3.8380293501048217, 1.8328635322051028, 0.8303952004429275, 0.9093010678761727, 2.2434565242491975, 0.0, 0.0, -1.4385386029665712, 0.26392773350087617
385, 3.8480503144654086, 1.8419565428838647, 0.8528297656854195, 0.9093010678761727, 2.2434565242491975, 0.0, 0.0, -1.4851370379262963, 0.2503876909286845
386, 3.858071278825996, 1.8510495535626263, 0.8752643309279114, 0.9093010678761727, 2.2434565242491975, 0.0, 0.0, -1.530712015909618, 0.2377197890854399
387, 3.8680922431865827, 1.860142564241388, 0.8976988961704034, 0.9093010678761727, 2.2434565242491975, 0.0, 0.0, -1.5752468890890807, 0.2259367368624614
388, 3.87811320754717, 1.86923557492015, 0.9201334614128954, 0.9093010678761727, 2.2434565242491975, 0.0, 0.0, -1.6187259373734004, 0.2150503605592181
389, 3.888134171907757, 1.8783285855989116, 0.9425680266553874, 0.9093010678761727, 2.2434565242491975, 0.0, 0.0, -1.6611343811383363, 0.2050715920711953
390, 3.8981551362683433, 1.8874215962776733, 0.9650025918978794, 0.9093010678761727, 2.2434565242491975, 0.0, 0.0, -1.7024583930466457, 0.19601045796832361
391, 3.9081761006289306, 1.896514606956435, 0.9874371571403714, 0.9093010678761727, 2.2434565242491975, 0.0, 0.0, -1.742685108945856, 0.18787606947484625
392, 3.9181970649895175, 1.9056076176351966, 1.0098717223828633, 0.9093010678761727, 2.2434565242491975, 0.0, 0.0, -1.7818026378335088, 0.18067661336062169
393, 3.928218029350105, 1.9147006283139585, 1.0323062876253553, 0.9093010678761727, 2.2434565242491975, 0.0, 0.0, -1.8198000708804714, 0.174419343752932
394, 3.9382389937106916, 1.9237936389927202, 1.0547408528678472, 0.9093010678761727, 2.2434565242491975, 0.0, 0.0, -1.8566674895037847, 0.1691105748769678
395, 3.948259958071279, 1.9328866496714818, 1.0771754181103392, 0.9093010678761727, 2.2434565242491975, 0.0, 0.0, -1.8923959724815138, 0.16475567473222585
396, 3.958280922431866, 1.9419796603502437, 1.0996099833528312, 0.9093010678761727, 2.2434565242491975, 0.0, 0.0, -1.9269776021029592, 0.16135905971113174
397, 3.968301886792452, 1.9510726710290054, 1.1220445485953232, 0.9093010678761727, 2.2434565242491975, 0.0, 0.0, -1.960405469348559, 0.1589241901652555
398, 3.9783228511530395, 1.960165681707767, 1.1444791138378152, 0.9093010678761727, 2.2434565242491975, 0.0, 0.0, -1.992673678094765, 0.15745356692355217
399, 3.9883438155136264, 1.9692586923865287, 1.166913679080307, 0.9093010678761727, 2.2434565242491975, 0.0, 0.0, -2.0237773483401247, 0.1569487287661101
400, 3.9983647798742137, 1.9783517030652904, 1.189348244322799, 0.9093010678761727, 2.2434565242491975, 0.0, 0.0, -2.0537126184497763, 0.15741025085593474
401, 4.0083857442348005, 1.9874447137440523, 1.211782809565291, 0.9093010678761727, 2.2434565242491975, 0.0, 0.0, -2.082476646416513, 0.15883774413034835
402, 4.018406708595387, 1.996537724422814, 1.234217374807783, 0.9093010678761727, 2.2434565242491975, 0.0, 0.0, -2.1100676101375533, 0.16122985565262982
403, 4.028427672955975, 2.0056307351015756, 1.256651940050275, 0.9093010678761727, 2.2434565242491975, 0.0, 0.0, -2.1364847067071153, 0.16458426992356046
404, 4.038448637316562, 2.0147237457803375, 1.2790865052927671, 0.9093010678761727, 2.2434565242491975, 0.0, 0.0, -2.1617281507258577, 0.16889771115159158
405, 4.048469601677149, 2.023816756459099, 1.3015210705352591, 0.9093010678761727, 2.2434565242491975, 0.0, 0.0, -2.1857991716292147, 0.17416594647939088
406, 4.058490566037736, 2.032909767137861, 1.323955635777751, 0.9093010678761727, 2.2434565242491975, 0.0, 0.0, -2.208700010037636, 0.18038379016357609
407, 4.068511530398323, 2.0420027778166228, 1.346390201020243, 0.9093010678761727, 2.2434565242491975, 0.0, 0.0, -2.230433913132656, 0.18754510870349717
408, 4.078532494758909, 2.0510957884953847, 1.368824766262735, 0.9093010678761727, 2.2434565242491975, 0.0, 0.0, -2.251005129063736, 0.19564282691397972
409, 4.088553459119496, 2.060188799174146, 1.391259331505227, 0.9093010678761727, 2.2434565242491975, 0.0, 0.0, -2.2704189003917263, 0.2046689349360069
410, 4.098574423480084, 2.069281809852908, 1.413693896747719, 0.9093010678761727, 2.2434565242491975, 0.0, 0.0, -2.2886814565757576, 0.21461449617838324
411, 4.108595387840671, 2.0783748205316694, 1.436128461990211, 0.9093010678761727, 2.2434565242491975, 0.0, 0.0, -2.3058000055113053, 0.2254696561824947
412, 4.118616352201258, 2.0874678312104313, 1.458563027232703, 0.9093010678761727, 2.2434565242491975, 0.0, 0.0, -2.321782724128125, 0.23722365240136656
413, 4.128637316561845, 2.0965608418891932, 1.480997592475195, 0.9093010678761727, 2.2434565242491975, 0.0, 0.0, -2.3366387480576254, 0.24986482488330297
414, 4.1386582809224315, 2.1056538525679547, 1.503432157717687, 0.9093010678761727, 2.2434565242491975, 0.0, 0.0, -2.350378160380234, 0.26338062784950034
415, 4.148679245283018, 2.1147468632467166, 1.525866722960179, 0.9093010678761727, 2.2434565242491975, 0.0, 0.0, -2.3630119794641384, 0.27775764215413046
416, 4.158700209643605, 2.123839873925478, 1.5483012882026708, 0.9093010678761727, 2.2434565242491975, 0.0, 0.0, -2.3745521459077223, 0.2929815886145155
417, 4.168721174004193, 2.13293288460424, 1.5707358534451628, 0.9093010678761727, 2.2434565242491975, 0.0, 0.0, -2.3850115085988897, 0.30903734219814916
418, 4.17874213836478, 2.142025895283002, 1.5931704186876547, 0.9093010678761727, 2.2434565242491975, 0.0, 0.0, -2.394403809905306, 0.3259089470524633
419, 4.188763102725367, 2.1511189059617633, 1.6156049839301467, 0.9093010678761727, 2.2434565242491975, 0.0, 0.0, -2.4027436700104885, 0.34357963236241007
420, 4.1987840670859535, 2.160211916640525, 1.6380395491726387, 0.9093010678761727, 2.2434565242491975, 0.0, 0.0, -2.4100465704114606, 0.36203182902009234
421, 4.208805031446541, 2.1693049273192866, 1.6604741144151307, 0.9093010678761727, 2.2434565242491975, 0.0, 0.0, -2.4163288365945346, 0.3812471870898755
422, 4.218825995807127, 2.1783979379980485, 1.6829086796576227, 0.9093010678761727, 2.2434565242491975, 0.0, 0.0, -2.421607619906605, 0.4012065940516252
423, 4.228846960167714, 2.1874909486768104, 1.7053432449001147, 0.9093010678761727, 2.2434565242491975, 0.0, 0.0, -2.4259008786400735, 0.42189019380392734
424, 4.238867924528302, 2.1965839593555723, 1.7277778101426067, 0.9093010678761727, 2.2434565242491975, 0.0, 0.0, -2.4292273583503587, 0.44327740640840985
425, 4.248888888888889, 2.2056769700343337, 1.7502123753850987, 0.9093010678761727, 2.2434565242491975, 0.0, 0.0, -2.4316065714256374, 0.4653469485555283
426, 4.258909853249476, 2.2147699807130956, 1.7726469406275907, 0.9093010678761727, 2.2434565242491975, 0.0, 0.0, -2.433058775929238, 0.4880768547314751
427, 4.268930817610062, 2.223862991391857, 1.7950815058700829, 0.9093010678761727, 2.2434565242491975, 0.0, 0.0, -2.4336049537357747, 0.5114444990651634
428, 4.27895178197065, 2.232956002070619, 1.8175160711125748, 0.9093010678761727, 2.2434565242491975, 0.0, 0.0, -2.433266787982863, 0.5354266178335682
429, 4.288972746331236, 2.242049012749381, 1.8399506363550668, 0.9093010678761727, 2.2434565242491975, 0.0, 0.0, -2.432066639860841, 0.5599993326030417
430, 4.298993710691824, 2.2511420234281427, 1.8623852015975588, 0.9093010678761727, 2.2434565242491975, 0.0, 0.0, -2.430027524763655, 0.5851381739836011
431, 4.309014675052411, 2.260235034106904, 1.8848197668400504, 0.9093010678761727, 2.2434565242491975, 0.0, 0.0, -2.4271730878246163, 0.6108181059725603
432, 4.319035639412998, 2.2693280447856656, 1.9072543320825424, 0.9093010678761727, 2.2434565242491975, 0.0, 0.0, -2.4235275788613913, 0.6370135508633068
433, 4.3290566037735845, 2.2784210554644275, 1.9296888973250343, 0.9093010678761727, 2.2434565242491975, 0.0, 0.0, -2.4191158267551183, 0.6636984146944431
434, 4.339077568134171, 2.2875140661431894, 1.9521234625675263, 0.9093010678761727, 2.2434565242491975, 0.0, 0.0, -2.4139632132891307, 0.6908461132139969
435, 4.349098532494759, 2.2966070768219513, 1.9745580278100183, 0.9093010678761727, 2.2434565242491975, 0.0, 0.0, -2.4080956464732624, 0.7184295983328703
436, 4.359119496855346, 2.3057000875007128, 1.9969925930525103, 0.9093010678761727, 2.2434565242491975, 0.0, 0.0, -2.401539533380238, 0.746421385041226
437, 4.369140461215933, 2.3147930981794747, 2.0194271582950023, 0.9093010678761727, 2.2434565242491975, 0.0, 0.0, -2.3943217525210954, 0.774793578761038
438, 4.37916142557652, 2.323886108858236, 2.0418617235374943, 0.9093010678761727, 2.2434565242491975, 0.0, 0.0, -2.3864696257870537, 0.8035179031076022
439, 4.3891823899371065, 2.332979119536998, 2.0642962887799863, 0.9093010678761727, 2.2434565242491975, 0.0, 0.0, -2.378010889985655, 0.8325657280324021
440, 4.399203354297693, 2.34207213021576, 2.0867308540224783, 0.9093010678761727, 2.2434565242491975, 0.0, 0.0, -2.3689736679994047, 0.8619080983193305
441, 4.409224318658281, 2.3511651408945213, 2.1091654192649703, 0.9093010678761727, 2.2434565242491975, 0.0, 0.0, -2.359386439595466, 0.8915157624059311
442, 4.419245283018868, 2.3602581515732832, 2.1315999845074622, 0.9093010678761727, 2.2434565242491975, 0.0, 0.0, -2.349278011915376, 0.9213592015009908
443, 4.429266247379455, 2.3693511622520447, 2.1540345497499542, 0.9093010678761727, 2.2434565242491975, 0.0, 0.0, -2.3386774896739495, 0.951408658969515
444, 4.439287211740042, 2.3784441729308066, 2.176469114992446, 0.9093010678761727, 2.2434565242491975, 0.0, 0.0, -2.3276142450969166, 0.9816341699558692
445, 4.449308176100629, 2.3875371836095685, 2.198903680234938, 0.9093010678761727, 2.2434565242491975, 0.0, 0.0, -2.316117887627032, 1.0120055912156045
446, 4.459329140461215, 2.3966301942883304, 2.22133824547743, 0.9093010678761727, 2.2434565242491975, 0.0, 0.0, -2.3042182334286165, 1.0424926311263063
447, 4.469350104821802, 2.405723204967092, 2.243772810719922, 0.9093010678761727, 2.2434565242491975, 0.0, 0.0, -2.2919452747207036, 1.0730648798476021
448, 4.47937106918239, 2.4148162156458537, 2.266207375962414, 0.9093010678761727, 2.2434565242491975, 0.0, 0.0, -2.2793291489691097, 1.1036918396003341
449, 4.489392033542977, 2.423909226324615, 2.288641941204906, 0.9093010678761727, 2.2434565242491975, 0.0, 0.0, -2.2664001079678626, 1.1343429550347632
450, 4.499412997903564, 2.433002237003377, 2.311076506447398, 0.9093010678761727, 2.2434565242491975, 0.0, 0.0, -2.2531884868405636, 1.1649876436576072
451, 4.509433962264151, 2.442095247682139, 2.33351107168989, 0.9093010678761727, 2.2434565242491975, 0.0, 0.0, -2.239724672992276, 1.1955953262876295
452, 4.519454926624738, 2.451188258360901, 2.355945636932382, 0.9093010678761727, 2.2434565242491975, 0.0, 0.0, -2.2260390750426073, 1.2261354575094865
453, 4.529475890985325, 2.4602812690396623, 2.378380202174874, 0.9093010678761727, 2.2434565242491975, 0.0, 0.0, -2.21216209177066, 1.2565775560955306
454, 4.539496855345911, 2.4693742797184237, 2.400814767417366, 0.9093010678761727, 2.2434565242491975, 0.0, 0.0, -2.198124081102481, 1.2868912353653055
455, 4.549517819706499, 2.4784672903971856, 2.4232493326598576, 0.9093010678761727, 2.2434565242491975, 0.0, 0.0, -2.1839553291716096, 1.3170462334525186
456, 4.559538784067086, 2.4875603010759475, 2.4456838979023496, 0.9093010678761727, 2.2434565242491975, 0.0, 0.0, -2.1696860194832337, 1.3470124434493866
457, 4.569559748427673, 2.496653311754709, 2.4681184631448416, 0.9093010678761727, 2.2434565242491975, 0.0, 0.0, -2.155346202212356, 1.3767599433983477
458, 4.5795807127882595, 2.505746322433471, 2.4905530283873336, 0.9093010678761727, 2.2434565242491975, 0.0, 0.0, -2.1409657636662236, 1.40625902610131
459, 4.589601677148847, 2.5148393331122323, 2.5129875936298256, 0.9093010678761727, 2.2434565242491975, 0.0, 0.0, -2.1265743959410988, 1.435480228716758
460, 4.599622641509434, 2.523932343790994, 2.5354221588723176, 0.9093010678761727, 2.2434565242491975, 0.0, 0.0, -2.1122015668032685, 1.4643943621152848
461, 4.60964360587002, 2.533025354469756, 2.5578567241148096, 0.9093010678761727, 2.2434565242491975, 0.0, 0.0, -2.0978764898239235, 1.4929725399643137
462, 4.619664570230608, 2.542118365148518, 2.5802912893573016, 0.9093010678761727, 2.2434565242491975, 0.0, 0.0, -2.08362809479732, 1.5211862075130846
463, 4.629685534591195, 2.5512113758272794, 2.6027258545997936, 0.9093010678761727, 2.2434565242491975, 0.0, 0.0, -2.0694849984713017, 1.5490071700492485
464, 4.6397064989517816, 2.560304386506041, 2.6251604198422855, 0.9093010678761727, 2.2434565242491975, 0.0, 0.0, -2.055475475618985, 1.576407620998749
465, 4.649727463312368, 2.5693973971848028, 2.6475949850847775, 0.9093010678761727, 2.2434565242491975, 0.0, 0.0, -2.0416274304800193, 1.6033601696410265
466, 4.659748427672956, 2.5784904078635646, 2.6700295503272695, 0.9093010678761727, 2.2434565242491975, 0.0, 0.0, -2.0279683685995096, 1.629837868411954
467, 4.669769392033543, 2.5875834185423265, 2.6924641155697615, 0.9093010678761727, 2.2434565242491975, 0.0, 0.0, -2.0145253690922384, 1.6558142397673388
468, 4.67979035639413, 2.5966764292210884, 2.7148986808122535, 0.9093010678761727, 2.2434565242491975, 0.0, 0.0, -2.001325057359423, 1.6812633025802364
469, 4.689811320754717, 2.6052960506968823, 2.7361652851522162, 0.8165957187594078, 2.014730937470147, -9.073285763993422, -22.385899305223855, -2.1307235627423613, 1.4099565752267453
470, 4.699832285115304, 2.6130083435962765, 2.7551932995616566, 0.7258628611194737, 1.7908719444179084, -9.073285763993422, -22.385899305223855, -2.1483829753404593, 1.319050128052985
471, 4.7098532494758905, 2.6198133079192716, 2.771982724040574, 0.6351300034795395, 1.5670129513656699, -9.073285763993422, -22.385899305223855, -2.1706252699675495, 1.225346195952962
472, 4.719874213836477, 2.6257109436658674, 2.7865335585889697, 0.5443971458396052, 1.3431539583134313, -9.073285763993422, -22.385899305223855, -2.1969703924101864, 1.1289585638204669
473, 4.729895178197065, 2.6307012508360637, 2.798845803206843, 0.453664288199671, 1.1192949652611925, -9.073285763993422, -22.385899305223855, -2.226991181365626, 1.0299911109034072
474, 4.739916142557652, 2.6347842294298607, 2.8089194578941936, 0.3629314305597368, 0.895435972208954, -9.073285763993422, -22.385899305223855, -2.260318471907383, 0.9285354791406873
475, 4.749937106918239, 2.6379598794472585, 2.816754522651022, 0.27219857291980254, 0.6715769791567155, -9.073285763993422, -22.385899305223855, -2.2966451549199305, 0.8246691563767465
476, 4.759958071278826, 2.6402282008882567, 2.822350997477328, 0.1814657152798684, 0.447717986104477, -9.073285763993422, -22.385899305223855, -2.3357293186423638, 0.7184539481225325
477, 4.7699790356394125, 2.6415891937528557, 2.8257088823731116, 0.0907328576399341, 0.22385899305223828, -9.073285763993422, -22.385899305223855, -2.3773965785848956, 0.6099348147130167
478, 4.78, 2.6420428580410555, 2.8268281773383728, -1.8887570182854658e-16, -4.660001406674966e-16, -9.073285763993422, -22.385899305223855, -2.4215416802908734, 0.4991390548789827
