ID, Vel TCP, Pres, Theta_1, Theta_2, Theta_3, Theta_4, Theta_5, Theta_6
0, 133.1917012249906, 11.744862797680879, 5.892284075094658, -9.186233785931261, 2.6834434823921214, 66.91882077336153, 7.044561095474835, 17.777256686987243
1, 140.61839544963522, 20.14258423034291, 29.927272036490578, 3.5054332472582908, -16.091731772657393, 31.334761675956806, 104.73395779281049, 28.822533790757305
2, 63.013392397756974, 21.512440161552387, 77.66276054325635, 107.94398982975343, -49.95947439751586, 22.554187442011855, 42.75684738976502, 36.65054468704954
3, 75.63000333588225, 25.730085642766042, 85.49984059123305, 58.171678977370284, 29.772934531312643, 68.47668016965996, 81.3022332370549, 39.64227633963345
4, 194.00465568896774, 22.219601388896375, 71.51908662698295, 82.26940902486827, 29.442441849778078, 72.1948519575058, 107.10559668982837, 65.6125087499647
5, 16.101726886509894, 15.839315572653177, 43.81956624484726, 59.18024802527149, 19.170342595822305, 44.883794733072584, 7.531738913609623, 17.510501779086535
6, 142.37706422108914, 13.31980173661254, 1.4641422606116394, 25.35306714478672, -49.71009287145003, 80.51430453785531, 73.33599503152709, 11.875410385035442
7, 24.766238451755125, 15.930126345281097, 64.30742271381249, 7.346691860405297, 37.150249398281034, 29.993059186355644, 63.259604040574644, 13.769105587081803
8, 104.70989566869974, 20.205343658502613, 83.03402432619976, 90.48414993026535, -63.00926709478583, 3.619836983746069, 61.08981914450335, 56.08659387650861
9, 78.62809502291478, 15.374237238246977, 8.33792105675004, 33.13083397082016, 0.7094462108898654, 64.65123842891163, 93.14177117139344, 34.45668732974849
10, 70.74404099469885, 11.661858789298273, 26.482456664123912, 52.232393902037856, 9.215591141105875, 88.84052870588177, 49.68233397471074, 29.771542419466176
11, 169.16447196979155, 16.37833591890849, 68.4403944847877, 69.79233386339853, -44.36368808061921, 70.58554202925171, 24.840274945212812, 3.0091656346248947
12, 85.48931037568504, 27.49641390587297, 40.25508577523219, 64.94158763813292, 19.12138454092073, 30.291238664693076, 56.7606886941988, 18.099316957875686
13, 109.92041956882784, 21.296012809825463, 87.54331591344672, 32.132414715569794, -84.97351173026262, 83.22749817448332, 101.58340991914051, 52.686889239300996
14, 114.27225537950437, 20.464549281280796, 20.214977807633694, 67.88944528500242, -36.33391130696189, 87.83212373444869, 66.63314229095133, 78.55379529496341
15, 28.763392868482992, 26.025426030500014, 65.69281054037809, 97.36980792672347, -15.374058053938384, 69.31589093709741, 3.1748360901191375, 85.58816457983194
16, 52.753131820111236, 21.417759817289074, 0.0005631438659492449, 93.07645602379813, -88.06234263900599, 30.16244044111566, 9.056422223095426, 78.50532824813341
17, 152.67284068960703, 22.61810031012886, 21.749012189332312, 97.30019400111263, 32.649828416839696, 34.630217854421254, 107.54117308234255, 46.11390558373361
18, 167.35377549765724, 23.866558416013227, 59.4055313796778, 61.56877874604342, 21.51951530311372, 54.368864173044244, 78.79325067667749, 33.61067509175778
19, 48.39989760571769, 20.403410375630315, 17.92759011257931, 44.490785081130554, -57.4011413620149, 26.885445341591975, 44.1132524365717, 18.999081842095986
20, 194.204867906253, 23.38340580922967, 27.0517137037726, 80.10611344933088, -26.829017411093986, 59.569252797342784, 2.1282060725525707, 77.33518105955673
21, 112.25544827529329, 28.514129116820673, 57.29201340385868, 70.4333374715804, -32.61224217107149, 81.98705619245082, 95.94513256451312, 7.8672382527815135
22, 116.68279244777766, 18.458104241196214, 9.409258152416703, 61.303058686864375, 9.196803399387122, 46.32542512679894, 47.8554831752606, 74.76950821478297
23, 101.00095771563343, 23.593947867201724, 86.59245908645852, 51.414311076332694, 10.182619762230587, 66.15449595967327, 102.28179781878816, 55.29178885551827
24, 60.809487042940596, 16.6000302377539, 80.8265571546572, 101.95002626453285, -54.43907362009411, 60.685601678474534, 80.66919106074967, 18.727212906050585
25, 60.53362248069361, 27.377046739600427, 68.81710489481534, 74.01483847628181, 9.551323452411282, 35.66200005238833, 55.14062144173057, 62.854493959309245
26, 186.72052465423224, 18.50671729275095, 61.99301330700832, 76.59574583188369, 13.79228977970017, 56.382719971447344, 19.754719205816375, 88.92929761982703
27, 150.93244465097015, 26.417021907476997, 77.9012446407813, 12.134639032122895, -33.49409489525978, 79.58787868675105, 47.76150389773126, 16.20026463430028
28, 135.81275979844332, 20.141634658031165, 79.03263133869301, 2.221212329653929, 31.56148833359208, 81.02147966211108, 107.8568996187625, 55.77049181887892
29, 159.50152675835568, 26.973125962699413, 52.60853853586847, 86.78335674295325, 14.239723656424118, 89.30301925438108, 64.2264624062118, 54.47798107625022
30, 67.39747717811952, 11.475622719407976, 3.3802071474695383, 75.24168697585729, -17.692315316320517, 76.96792577946906, 11.9120929866043, 29.6674603627528
31, 51.79651046443602, 21.79258184398804, 85.33575762322833, 92.26523472760753, -59.25563490213926, 12.51080759005758, 62.62725657425534, 3.5921018851287445
32, 64.5353377783573, 19.54837183903062, 84.08297866658344, 19.77619281312015, -75.2583393160017, 24.800895281488415, 31.609464523273086, 57.80535356610342
33, 95.74883738642427, 23.465172204675632, 70.66581467119092, 64.51382301912435, 11.694963276374168, 20.329219627469637, 24.83284612958531, 74.1399483965632
34, 69.44920443890209, 25.86310817553514, 79.82503771064616, 66.66092487983477, 0.9603969092368202, 49.140509732434055, 98.86737691734045, 11.624564500253873
35, 90.30492525888779, 27.27903213612651, 33.49180631164786, 42.70918780879876, 16.651505449958705, 36.13854945974186, 94.52283781172201, 13.219053121695712
36, 66.36208312862797, 23.834506131721994, 34.77783389447874, 4.2114425367099955, -35.61547721818993, 12.238741439870218, 17.024846454625386, 73.54249569717473
37, 131.0806704069135, 16.986515796101884, 51.23619399310289, 71.18340879147901, -84.31640100514697, 77.72112675138634, 107.34680285461266, 16.235119788688262
38, 60.4884565461155, 18.898497335957984, 67.60699308160072, 69.93047375586244, -73.08274582862575, 84.65144180234657, 12.278849721224459, 28.98252359441857
39, 81.21306210267866, 23.133301226788337, 9.98157872567963, 25.13231141880389, -47.62135430111794, 5.361601495710648, 3.897286321553173, 27.93967859660756
40, 129.43171344134493, 13.73947271501411, 9.090130976849585, 56.598461527678126, -75.54645498510565, 41.94306009642263, 109.36754074384699, 42.13679445972592
41, 25.176467150269907, 28.328580443482416, 37.66455566841586, 59.20134894378471, 30.723066520344613, 44.76838991004249, 83.31581429910582, 85.7740669372767
42, 125.39242631504236, 26.637318841440994, 66.10393171679968, 84.29760560522706, 24.0451591908174, 59.09465659246815, 98.14959014208245, 68.5005969520102
43, 88.14580862863465, 14.85664407604689, 46.0698482645868, 82.42864882104256, 8.899302994445662, 33.97158715496247, 55.31174354793186, 25.333774989592815
44, 49.28808649061013, 16.998544730786826, 43.39328745046277, 4.592514517309431, -9.429005643001858, 33.29196075287466, 44.763729435354655, 29.618776463649617
45, 121.73812499089837, 14.758044676690263, 29.41292412386794, 99.66896660119285, -10.518903079134489, 55.83525674196751, 4.648742777641214, 14.055468542834621
46, 199.28424169588365, 10.567258801297193, 57.87294090636671, 88.00510002479375, -50.31042398736541, 45.24598713589138, 80.18110918027914, 22.058706444655396
47, 145.12290971122204, 29.649315563061926, 21.80645120871409, 108.82610847585005, 1.2416915330432943, 23.239591004350874, 53.63748911600089, 27.864991400563873
48, 87.13685519564625, 10.3623805444958, 84.30634720552392, 68.4734851105058, 29.31970499651794, 18.917151194365964, 80.31861546504203, 6.296238398254527
49, 44.4942870575549, 28.047559157544594, 57.73515959088969, 49.239495191325204, 22.61022460249634, 50.213262039767834, 13.66761300630252, 50.816606970386125
50, 113.73793277678364, 18.960493060119557, 69.5702792132302, 54.85115129104156, 7.663372670918251, 23.665558705479878, 36.53265321646693, 50.919018601461445
51, 133.4663561024035, 29.651759898568134, 57.65031710649594, 81.80458707677599, -6.774977010708795, 26.405204978980773, 7.073923758554735, 2.7182292199096736
52, 96.52341946270717, 10.78924649147018, 25.4235453770761, 10.8759688665614, 26.2224957297195, 81.25191327597466, 69.67383949941234, 37.417144606036636
53, 120.68794557563835, 12.531550539753283, 33.107702252449535, 31.349108417548514, 21.7221903789888, 56.068822132965394, 93.92087723091144, 20.38778596467339
54, 177.50400798561793, 22.70719685545736, 1.3287558070594852, 43.528672907191805, -39.586351572495204, 76.80380060778053, 38.30080376111988, 26.255468738563202
55, 129.71204068236824, 29.759933229962282, 5.095559160016284, 30.689887084377755, -57.15876353713788, 18.84645408077497, 97.09086726819483, 61.72843745403685
56, 70.14747693565916, 20.596448807688276, 42.312806611125936, 95.68868860545192, 2.190440724404837, 60.427188935816766, 93.12376682096611, 3.513474941606386
57, 192.04505964184804, 14.66574716299666, 38.22133783514398, 78.13840606137059, -41.3064536059178, 85.2984353039365, 88.15822473401705, 63.134507653647624
58, 54.33322497501976, 24.855564090456554, 39.87240155012457, 54.21198026852768, -0.013052819996033804, 3.9551408987310332, 38.81759160597841, 64.00265498321612
59, 197.50767487377698, 16.008094658052606, 86.22620757092226, 59.548342188592954, 7.89191955056269, 15.892527863397907, 43.43481993413035, 64.90391797209845
60, 192.00021553740586, 17.731493712162063, 13.978129523294067, 47.63235529456307, 24.633495990003468, 67.35324722636906, 15.46431054483043, 60.80727527476643
61, 94.15616684952187, 29.854373245684716, 20.922438707472505, 91.74529429994098, 8.247310202432331, 17.743163979466416, 102.39346855669717, 40.65912895358624
62, 66.15532304499229, 13.696547568006627, 51.73276903660378, 44.54524084170937, 15.427130064178229, 21.538624534339828, 24.572237968062815, 56.93606764275994
63, 60.10458839190816, 25.48572749475241, 48.99274732396798, 77.8479391027514, -72.96312863990654, 68.42275813024638, 51.379645562271854, 30.57806893643407
64, 139.88533308099576, 17.388313277018113, 45.665184456477945, 86.80672917602149, -18.536934278962082, 25.747721010215102, 32.484779901568245, 6.910194637200501
65, 163.49025703508252, 15.020940271857647, 25.6904981429293, 29.064207424175777, -68.33045682292789, 13.58368228066807, 12.37477628258574, 76.51586334683665
66, 73.57892213827328, 13.309489149265039, 85.64052732785545, 36.46562829714364, 20.23462275859518, 7.164471211892396, 34.75069796694631, 3.609851386147615
67, 168.5831226727183, 23.637244345517622, 60.16756686510412, 86.32746386453267, -26.11402570191647, 32.12716583852539, 56.74147841158634, 71.66755432577662
68, 66.56648285470204, 28.41452361996071, 51.20708259904904, 22.65022925557477, 20.12870125694371, 41.681830568216505, 55.98628058040241, 54.624095429770165
69, 62.77538993674757, 23.948065453748473, 22.296955093321845, 19.090332784217367, 34.549038057964765, 89.74590879587325, 67.2750231536584, 8.843640379412566
70, 174.3278626978704, 27.02487486441084, 71.56377960584369, 74.11962210972953, -44.70192947963652, 26.981230600963762, 79.1496525849082, 51.87377144410255
71, 93.67447872035171, 28.331121654855092, 5.443531759670743, 103.6058435390645, 21.392422445531096, 7.258989747888184, 84.7829553823748, 50.54654375666086
72, 49.9004887276987, 26.633885039061564, 78.07640014633714, 106.10371934834481, -76.18916284096646, 63.96497240667562, 37.196167179893116, 7.131797802256342
73, 31.773787971082587, 10.656684411898008, 85.27558929775802, -9.668873718839908, 9.080110261197817, 71.63971915511712, 99.17924422080654, 80.41686299419096
74, 14.267372594159333, 29.188627759697845, 67.05769686161658, -11.193810110303447, 12.624684238261949, 20.845302380788457, 98.00451861484109, 39.066676823412166
75, 194.4974899603004, 24.681208799425512, 85.78115789785805, 33.28768784465666, -7.817129960911217, 51.27566752771905, 36.58757255683403, 15.159569060406566
76, 144.43028806833325, 19.659881949680717, 63.870712756558746, 25.147442356785056, 37.52264652978952, 5.7952567557173715, 65.48769997541594, 62.21078314938572
77, 45.83784385957171, 10.623337084686543, 17.914611851499284, 70.06355770696351, 15.48449718287397, 35.375535604578815, 50.867304505816726, 21.114882920965453
78, 65.24758637312411, 13.906942365273922, 72.8036489958903, 8.286579895772585, 18.868422812672495, 87.2491120144751, 101.25771246958618, 88.35871274577595
79, 10.999945964841011, 18.46002677143798, 23.166762348611364, 18.37514592613117, -56.86209118883782, 32.095454881065386, 63.71858484807303, 67.2005827369731
80, 10.284461144903423, 22.245116916706962, 18.388066957810814, 89.54539824411773, -64.16449763214824, 58.85254924592976, 0.2562233010022629, 41.83612158899101
81, 60.07583814805513, 29.992280865076193, 1.5156682296042232, 64.74694464745082, -18.606042159496948, 55.9959485725869, 106.38469920017131, 88.94735560346697
82, 93.73956880490219, 14.32260632205635, 12.17301228443564, 55.9881268645814, 14.20853567192421, 63.72460593097909, 53.09289769162366, 77.16611959638898
83, 87.97407251206172, 11.661549111161227, 27.340769906024676, 30.04774086325477, -66.68735698130557, 74.61510584415419, 6.308955262043773, 19.06962576539703
84, 117.58709300843911, 21.34504305393014, 35.831112434275596, 100.63181621691812, -36.594786293808525, 1.1430362269293406, 10.343268715453608, 21.857197014190586
85, 146.3454437493459, 10.60537517435961, 62.897607730689955, 59.092724615656095, 35.91417679799107, 18.193003818555045, 65.80670259493509, 84.3154852345069
86, 15.90599768714048, 20.252400883239936, 37.88842359041654, 40.6869972838738, -73.63062267483514, 64.94668885342838, 74.87444751106099, 64.39277893666267
87, 36.14059165060472, 29.614155043685415, 51.931345559291046, 37.26087672624137, 7.5404689440653945, 85.9495146629858, 50.95594334131888, 19.23186774940386
88, 93.46131333836024, 24.396290446665645, 43.00177524932184, 34.981776593427924, -41.779364808492765, 80.94123384403136, 65.38529653436247, 4.5491881808698125
89, 90.76099775182462, 28.208094677828935, 87.91683345162693, 10.907568886966008, -18.373494074669097, 9.115752753733968, 15.915522883860664, 69.07913481497074
90, 71.99961075694686, 21.68017095428138, 10.799971633049312, 41.351273338236155, -52.031663588449945, 39.23347586354534, 81.47317958951363, 72.89696282782556
91, 106.09332024826699, 29.43896251260917, 44.23479255069592, 22.449592083132035, -16.62398791965057, 31.714488364054162, 71.31776934159764, 43.67549544436145
92, 108.99580620919195, 18.091415717024, 80.76775630425797, -2.0408709927793076, -0.16351334607115575, 0.7698192640501822, 105.22008369053219, 78.92165459553905
93, 199.70066025783424, 10.633638905460465, 57.5171820316201, 28.440843457072496, 24.121439989075398, 45.03701678191464, 63.3320556670317, 67.27521678438359
94, 54.671200943012, 20.27993331773581, 79.88317309038393, 86.38891568694098, 19.792595979782163, 66.13333980014964, 27.977552289289296, 37.12075243874142
95, 60.82725842761432, 25.730318245474262, 40.47972731800238, 52.269384177815226, -38.70889427780753, 41.65092320731721, 61.063780590680764, 21.556286591824644
96, 25.845656973676178, 16.677344226170217, 39.83209559561033, 52.504329394120646, -78.5160023080749, 27.43774956633263, 16.55854916481784, 4.451103563532392
97, 98.52554054948924, 11.102242660045318, 31.571702198955787, 27.989346526022487, -31.72860129914484, 17.86570402339474, 38.26064130474413, 31.504763838384044
98, 110.8492059093094, 11.735162481231821, 11.44841763726276, 68.04504714798173, -67.28105035957437, 37.18148172356143, 51.186247804004445, 59.85898807204141
99, 113.3039482313322, 27.475332881312887, 31.772802608053222, 90.24358493694389, 12.973685772810853, 74.62577982231782, 34.39775947434744, 43.2195872472446
100, 84.66806457218243, 12.046264493305141, 45.98355878696925, 65.94070450277873, -78.73413199173558, 25.865448494110503, 21.438173300551618, 22.015221140609743
101, 48.21828487849702, 27.397378475861697, 10.946347682874476, 12.513708452211944, 3.6202071111898277, 19.804050379077182, 88.05242608775397, 23.40826710985318
102, 28.907625011145672, 11.373050364737427, 28.991428566332168, 35.83955000952131, -79.4477441081955, 60.76035573832899, 7.2765269503987, 31.511394475921872
103, 97.28976023805374, 14.88503821821485, 26.546402383949868, 27.521696396622808, -7.534980329615124, 76.7262982898241, 55.98609126168331, 66.45426940922657
104, 95.77695547343457, 18.722606331053782, 30.3470801796573, 63.15686693706984, 16.460937409872756, 49.29617175959173, 95.08301091129157, 29.85709755688023
105, 120.73975461539787, 23.55796497004754, 68.09436616966926, 76.6848275388774, -87.65579233137953, 67.90427845600384, 48.796724987472395, 1.2531096110544881
106, 39.87576755890957, 19.368272313603107, 80.87688663766954, 81.1324099344255, 16.990064642770722, 10.4092616003494, 35.598027040550484, 35.00824324574848
107, 75.44716153647009, 29.00612253949843, 48.7160941091035, 28.555748521191433, -31.3017947434642, 18.455293947158903, 89.64192118579061, 56.222666893552585
108, 133.83201715898002, 22.734900074975847, 17.496348675200874, 8.790457516442114, -19.983398253589755, 71.44020586511115, 84.43052959481335, 59.63607329518429
109, 161.33510674788087, 17.32555049812685, 48.06192494248517, 7.5490842210067415, 9.808524049817436, 14.583252501357135, 41.87747992366659, 61.627726700471214
110, 28.552120314299618, 13.38475305539527, 49.66222640774003, 86.50981420790802, -20.281582400945155, 48.554558361431134, 7.595857115928341, 42.10565977001486
111, 26.566832756560483, 19.373989667356835, 80.28651936208261, 101.80690513146965, -28.631578086339672, 86.22245492610234, 6.8884169083306315, 22.7761046930696
112, 119.55224736978606, 29.637968347546046, 78.51689774086366, 71.37007397848127, -11.55366230000034, 46.124088875366716, 61.94802185866303, 3.214237328097987
113, 124.7630798930918, 24.336761827324715, 80.54597123541829, 66.58437067795185, -39.519271270533395, 2.2263686447928963, 21.65378620324762, 51.075295564895676
114, 148.25784878389456, 24.89369377653827, 42.573721020645664, 93.59734144669893, -46.54854129013069, 85.4101299031656, 47.86731782360142, 13.986410531412464
115, 198.63784233844692, 24.729162931707325, 31.50361881961147, 71.32206850318862, 22.660716068187995, 48.417198051429615, 68.81991860111361, 62.4945974916076
116, 44.778630972223866, 16.5550092374982, 66.15223732206047, 33.74219243938391, 38.74428689653817, 77.20804042452318, 73.83836400031532, 6.931487800473107
117, 136.36643846485384, 19.329299882962836, 62.6314034092441, 38.76322610802045, 5.489360013892195, 89.59936854868806, 4.31682737489501, 58.13713165887735
118, 183.85686414822567, 27.31051614174667, 64.33527443004533, 21.661479275684464, -50.564513883807905, 56.39682036704728, 62.31136607267233, 69.54107603007327
119, 120.59241913234617, 20.581202969648764, 52.09970837432198, 98.05352096592655, -2.230677758693559, 22.441474842236666, 46.27347374387119, 64.79789360341124
120, 74.51199749251683, 26.01027154547808, 65.60709377644329, 52.86858510970445, -69.07157170354117, 25.475064569708735, 10.49910364592138, 31.886969759631555
121, 83.64905013154663, 26.909214874632994, 81.52378072512552, 76.5467860687607, -77.84055336084914, 9.652430606082934, 65.54237286282468, 34.28942397911974
122, 161.32320024441407, 12.919335993182504, 41.237087476484774, 102.70629588534987, -88.41612063073308, 52.88327793856196, 61.23073698304928, 74.5524625842735
123, 50.87393263920915, 17.752326440716118, 50.13717155295833, 77.15333784784676, -28.959992142182074, 65.90227763301898, 72.28019484593663, 48.333385347829086
124, 117.04474938206714, 20.74639862365868, 17.447829831059593, 64.08286792240051, -69.94009959193619, 71.59861351954213, 43.92577059241891, 62.92537478634975
125, 91.36549292882326, 20.13531676308002, 32.06926397473062, 81.11356832484474, -73.07502469314856, 81.70620542397097, 80.97719435551222, 18.907161226013663
126, 50.49773292326816, 25.122584657003475, 52.63976775686149, 66.76435756315367, -72.52763821567461, 0.45375207998273104, 21.672542545253616, 88.67091329103367
127, 183.32035921834867, 16.36486796007639, 61.730908078786804, 62.41438518981193, -8.460971284893077, 25.387554557794243, 31.55805226756478, 45.492381908058725
128, 148.23007798891535, 29.808022878423145, 5.016794866577236, 10.31720000857442, -30.39805435258503, 70.06777284587486, 77.08347388443674, 72.08018670267853
129, 95.74136770681119, 20.26113070604832, 48.2952099158113, 74.88182343802531, -21.645801309919392, 26.09681138275591, 65.63688041729336, 10.987861247123615
130, 19.126300506190084, 26.886575693554427, 81.49238530915028, 64.58223265907594, -35.929271383262744, 15.180018125965036, 69.15812251682921, 9.668282656536185
131, 22.805260775894777, 25.128734442682564, 20.881443093924457, 40.08475942045236, 34.33812129043186, 72.47027247131368, 5.230801445817508, 43.49670575923053
132, 119.57079390420051, 11.442464375028674, 54.80079582626414, 39.115228720887025, 9.028291264702036, 80.99312937667182, 31.6670076991998, 3.0649526137262906
133, 150.34140955989085, 16.436009754217025, 76.95647393719386, 5.11944818039328, -41.28353941323909, 77.61771099243865, 95.44813851280857, 11.693288853615838
134, 158.85180714602208, 23.810991246990817, 73.3982273378026, 27.77138930132753, -63.072261440049985, 64.84762501975699, 23.675725194957383, 75.96431111175116
135, 128.49018983926837, 10.545335075491915, 45.696996288460866, 87.14432928252351, -58.915977581846136, 24.155538878633898, 10.86644967020722, 1.6956998823242986
136, 94.28274204515111, 21.330534822229513, 50.85965341676397, 3.0002886327034126, 29.805268558214525, 0.5491716064923258, 29.469895456475683, 55.77591761390461
137, 159.247161418685, 17.572704442163392, 44.351021012865694, 56.69303766418281, -71.19914991876362, 49.92524710223923, 40.04042358450615, 16.717606430706045
138, 178.0732820140923, 19.065975329066127, 58.02722973056756, 44.84200853484347, 1.8998846009949804, 16.326831717664646, 3.745793601648792, 15.778855449283139
139, 156.5267906626105, 27.280150800214273, 11.865320275049655, 34.16439833860764, -58.013461543091935, 28.01238754612455, 35.811610806207675, 44.83114719415733
140, 73.0325680119786, 20.266084434345153, 22.19137976667941, -10.151613555481637, -33.55160970823712, 29.384655368552462, 73.73868000145963, 53.89062750464233
141, 72.83422592799221, 24.734940901420067, 48.270489158112355, 73.06141339246537, -59.7809545518513, 48.31768813174906, 15.047990549678017, 48.16047028975151
142, 76.3009403223957, 13.954648597789802, 80.37779337905968, 48.370974355520154, -89.53473619090036, 46.69312374013717, 4.909670700245984, 23.657004285254498
143, 53.874983499539354, 20.56118902808833, 88.27526672184865, 81.73975670069804, -72.04724593862213, 79.70898391275624, 31.17205862026325, 23.768555229619984
144, 19.181767101018654, 28.641752742405576, 79.24258827488092, 26.76083054886415, -70.85619992690785, 83.38498015565824, 54.657187112350734, 41.76405165078644
145, 49.5782513347945, 15.66751498144183, 53.46957585693106, 83.42274822947053, -54.11076478976707, 60.14458302892407, 64.98008573403413, 84.9989449755381
146, 49.59353693000596, 29.722258140658177, 13.917297161458986, 41.2198351695991, -44.04431338272245, 16.861296783966036, 71.25274604566614, 69.80480974012839
147, 131.3291537092474, 18.77635287708167, 13.310666649126919, 12.088698153220454, -69.84499252169623, 14.227199029392834, 82.15247641782382, 12.800503470756988
148, 156.60467399842395, 29.50969218394089, 39.017560965260515, 55.24028862179469, -32.449217765428834, 31.655571393251595, 27.230409046392715, 50.10525886658045
149, 181.68777172320708, 13.771963826115366, 68.88196614625159, 13.206045909036316, -18.484955600413087, 47.03187208176209, 26.594938667079802, 60.04744609398709
150, 21.622602133195716, 25.860551605131633, 46.50004846732119, 52.29813799470949, 30.70131149770623, 74.22145774172367, 24.084561569508985, 64.86326588692033
151, 24.422865951633398, 11.557152540229517, 70.59698795576558, 69.63729410388687, 24.508774542254628, 82.36350119451095, 14.88472039578599, 17.9311576259688
152, 95.72976562275886, 16.58452666504965, 81.85837326959627, 64.85806284305114, -84.1473972782054, 13.451759000868096, 37.66425656317405, 9.960023968932681
153, 196.40343128200723, 27.794040429844415, 25.563831930800852, 26.491780470365917, 22.3789269259632, 80.64854618258393, 21.856958583317372, 47.60672747212597
154, 170.44381851576662, 21.494512600585864, 58.30388432677544, 75.244942767166, -34.971624851339485, 26.382939113923708, 32.909311281512174, 75.30418094363635
155, 188.49612162351593, 13.77707395490836, 75.6108680867313, 10.604016919403975, 5.314570232208496, 28.826824535826546, 80.83336085339745, 8.60669895425438
156, 38.46965587103319, 10.081701914362661, 88.59406957865566, 4.480709779648915, -56.25857315965306, 89.46149027435537, 93.24982475203616, 18.818283113235044
157, 126.25004464149696, 24.617532318923214, 33.96992084086323, 95.24630075452735, -71.3535555772497, 6.463870070954108, 33.372014577996275, 57.627919146793516
158, 123.97487118538854, 24.142242164305525, 33.04470763030093, 93.02661845099844, 24.94916175984891, 62.4105897862131, 73.19873513590319, 40.587078251238715
159, 85.10742916798596, 24.496854192754657, 3.7573868858447037, 98.85896417673723, -59.548440285128464, 41.686209108819014, 22.595292318027877, 86.67663815070277
160, 190.66035404724778, 20.34645276619204, 66.77835962523869, 101.53345299227557, -33.94527329928558, 84.60503928541819, 106.04787210872416, 1.1010525217665648
161, 138.50704903415453, 17.679012343657153, 87.50557815752325, 67.89118195394734, -55.910412599005134, 38.40255308330103, 69.17958214948986, 39.349116949892164
162, 60.05835518297233, 20.68285483179541, 11.666517282322005, 18.434204365967762, -6.790082814345723, 65.01265374285903, 33.793273124274535, 28.57179113684447
163, 133.7204372981489, 13.60133061912779, 77.42399325917263, 18.608864644427584, 3.2681731625187496, 42.8889002572741, 64.9362402600785, 32.26527633071271
164, 41.46932648097008, 12.034233943848761, 9.590032495758178, 22.404120194823648, -20.762763468720294, 11.342216080915144, 6.067995813454957, 89.2508242413364
165, 16.06491875849263, 21.679260129872084, 29.28643887395628, 19.011684480448967, -75.58215898702898, 81.97628469790487, 6.91208235216087, 48.615745223168176
166, 157.30782518280958, 21.7425986605306, 50.988905611139906, 47.994853667804406, -51.37765047179082, 25.32914596063098, 84.24145941882125, 30.358986597441046
167, 60.99799263356957, 22.330916931606293, 40.284402804371325, 58.325948368595206, 0.7420834075404201, 61.87390585346797, 1.293620314720284, 55.51316361928684
168, 141.90037881533448, 10.20527944614123, 89.18744596848437, 75.10352147384494, -42.561676591550516, 40.60760629205517, 104.39647773199806, 69.53081285342854
169, 66.73451784353412, 26.09055973923087, 65.86607177195819, -10.148973877408912, -24.336533150443813, 77.66147684708164, 84.41131214330804, 14.695274728715843
170, 28.93324726572975, 19.385108511196297, 85.13741760825425, 38.687806988323246, 2.3596440969090935, 88.38625175957202, 67.19929575983501, 57.45138612794196
171, 134.4167028686603, 19.248057738301192, 39.839935771680196, 105.57923250185405, -60.5559538096687, 78.41995960980033, 46.276218824779654, 55.566268464448434
172, 33.28694536931805, 15.290385525586256, 71.85719901654504, 84.29771479873727, -76.3491080321264, 42.88682059441697, 11.923301125995794, 72.40355056936814
173, 167.26100712234862, 11.182442583275803, 63.77415437853792, 101.6632645512023, -21.566547440997127, 3.8573470195371335, 57.62765863816997, 63.48929141964602
174, 183.4830836367377, 29.07770499047592, 70.48839892944605, 46.41118190212819, 14.791963044161292, 6.318317148686536, 44.691510950754164, 22.848844723493826
175, 115.4464931474998, 18.99374834949453, 34.63621083307251, 105.04710164146593, -31.281880406109593, 34.37878715273534, 9.45352409930526, 78.51688043926711
176, 148.05703370123328, 18.934158541759736, 44.3737621805232, 84.14980223946876, -59.707004530026424, 89.3872956202028, 44.97313852564529, 82.22954041693148
177, 132.2655112397968, 26.83310368639344, 77.87216536837032, -4.435055095528923, 31.833050558181405, 21.45458502784563, 31.09254763289959, 86.06439092909362
178, 104.67867152860474, 16.565975497913296, 24.37097311435309, 57.73239386942653, -46.83797589996018, 43.90966761100827, 16.60955900221739, 42.414254862305334
179, 157.07833534724207, 25.63445693964107, 61.86374029138681, 10.867719136814117, -6.601152520697866, 10.686965314381851, 7.750395509483037, 49.61624323896401
180, 148.56796936849395, 28.261398596321627, 48.14003946369371, 104.93224249561213, -14.20790683417438, 51.416097289358085, 84.6168299091359, 23.269750177383195
181, 60.25530972415021, 13.197374197420261, 31.505889935237605, 104.30881884636466, -88.96773746243777, 46.48643347682399, 108.56121260864286, 34.4665882577076
182, 17.751592024371654, 18.83303524078385, 39.76789577236774, 5.60165371727847, 20.041000834677718, 89.01374670852188, 3.421487976630493, 80.81158214552816
183, 112.28987977645411, 29.66660380231645, 77.31167802195304, 90.55751867981208, -62.993466434220466, 77.4963460832265, 73.44264680814109, 10.780609467769471
184, 72.62295433328129, 22.600710679542793, 75.1909851335074, 33.89826204617599, -49.47845061103219, 41.75200109645388, 16.555146628319847, 57.51030438064457
185, 26.258668433961965, 12.258603387049853, 5.704825827604738, 95.00183782174557, -74.57122203644877, 12.102801565514719, 47.93402476856399, 7.437845458631525
186, 55.831823735687664, 15.050891466549158, 74.50543609752008, 108.56442509736769, -31.243082274798468, 7.801410438365082, 56.444140673081876, 51.4025152879786
187, 11.039712405934607, 17.520378185042013, 65.49347115305152, 56.590330652591305, 32.845988022126065, 15.908670793152094, 82.90451884450626, 52.121465079393964
188, 108.6415970828277, 26.706600704196617, 78.7205939210075, 78.11769449230371, 17.501358286663404, 0.3560691256394665, 8.016408835123242, 87.97718896204496
189, 75.61345580606572, 19.506747931962447, 24.267904455770193, 103.61978019025257, -43.982263866854495, 74.77427957411267, 7.106123119792364, 70.41596139068567
190, 157.60575834400265, 26.283421409323488, 2.491287922201993, 38.604954422052685, -9.944115932081573, 63.50760631315605, 55.77013204979227, 69.0046665158046
191, 165.50688230647447, 17.994801568461053, 55.497437603066594, 8.637744707239566, -51.94832257502258, 23.605445852537205, 75.43864388400526, 2.7814755098644572
192, 174.77578999381333, 16.501727580286218, 45.85947683813287, 64.49300131595338, -30.986088569418243, 4.82985593659836, 27.093074878818936, 41.055649657360554
193, 128.20455720448163, 11.162368785431422, 88.63046638844432, 93.72577158137902, -59.34251054343939, 13.745796700134473, 32.30751510928842, 64.07520100841357
194, 23.86728029958327, 27.574063090806092, 62.70310524251244, 104.36852458057966, -84.68416832867136, 1.7503148802865787, 104.85572857187016, 59.36286136132527
195, 190.17871390498956, 15.731621868537138, 8.872440993100087, 34.122083639785316, 19.646240723314463, 30.748880402696585, 48.57892796194284, 45.075963679648666
196, 29.630473869547462, 25.42689831126343, 13.624751436571879, 78.92599929500273, 22.935731385824983, 16.517963844703324, 74.2415846163693, 48.024394343571544
197, 90.87305402117117, 29.93829269781121, 46.52471299082577, 41.20899114316352, -42.609844137623995, 17.797307631089698, 13.98107025616242, 77.89317512349724
198, 189.90306310899766, 18.97111032574861, 28.537562484078297, 32.14155296454564, 20.149092042875072, 56.245074083410884, 12.56820109293506, 64.27440788894297
199, 157.595243013269, 28.0482814315601, 59.48612275483241, 23.590319992077738, -28.32017332258829, 16.80941626561833, 10.312983474754208, 20.13602862672042
200, 30.49616068808349, 17.93551906053907, 31.41162458610699, 5.616736326518922, 28.12952194248059, 20.419835552212817, 102.27986659204124, 16.832700804631056
201, 185.6965839759101, 11.320668501907743, 69.86432809566392, 38.30658105421994, 8.859232600247864, 79.73002315922554, 23.203237322285055, 84.66803301581655
202, 84.84371586802952, 10.149401555893716, 26.17629510753407, 94.67361282341264, 16.371429355542915, 61.37233939685074, 90.35491794224497, 29.457506306834794
203, 127.93251180022239, 26.58154405499684, 29.92131758900935, 90.02546805015324, -67.29771144407056, 47.600912364718525, 38.3200390141328, 3.3655099754640805
204, 140.24147779108424, 15.146155984763228, 27.29701411779803, 72.35817401773663, -81.86179143883066, 76.11987316336857, 63.5276449720157, 9.980427908462179
205, 103.03785610560946, 24.616130020849404, 86.13547711503418, 49.078154057639, 30.136245005969847, 6.353246182548281, 20.90075389279117, 18.03762229332264
206, 180.93186194285587, 20.190703619831993, 30.16724802294287, 56.764278532974586, -11.961869225529298, 6.319934060809799, 12.86303183630237, 66.16118189157176
207, 196.24831044975028, 24.033530311247404, 11.209406406071427, 100.2379339895277, -70.80331339159122, 41.41909136107192, 66.03487211350964, 15.369277002563216
208, 104.76234445626972, 20.35394757987482, 2.1346086706220655, 75.43483104954856, -3.9146866755143037, 61.43256340457175, 63.96721926900714, 45.83105756335076
209, 126.93362634255965, 14.48217596966779, 15.646802328823831, 91.3853967719128, 25.75990203610344, 46.7264209152079, 107.9630281860093, 8.44373163464946
210, 144.59711243865826, 14.674810078258481, 77.29072139502684, 80.35754494949475, -84.71882928420202, 66.14446881336147, 44.44567229989339, 61.90604741879936
211, 42.74022342637366, 15.727312287324121, 53.75480712243793, 29.661109518094293, -76.17157539722658, 16.26798201185276, 64.51417763476233, 79.58647687042743
212, 44.468440471436665, 27.515211130426085, 62.530378790618094, 38.98710043159441, -44.84464766456921, 25.308391641394035, 74.31965550441481, 8.159674241133928
213, 89.90896658039247, 11.762047883895594, 4.965304751071501, 64.51369997207394, -28.562119915670316, 77.69999949382085, 31.400728867501947, 77.97050282271293
214, 79.4032062791462, 19.105762914206586, 83.20757373587648, 28.954777818929653, -45.56050170133709, 6.69252748614389, 89.52507948993346, 73.37548902662174
215, 24.58377092882135, 16.524373060322418, 55.043523798961814, 7.850896735498594, 33.38189296209309, 23.798779892018075, 89.34571245652117, 56.468749290976724
216, 146.67153796182322, 17.59192027000386, 17.75151956935011, 44.74425263558788, -66.0199435918976, 86.12288207852842, 92.78856367569148, 31.23922531618688
217, 176.32934634002862, 26.29759556172544, 66.71383403545889, 105.62653547333346, -53.55208933998348, 33.31589870296859, 94.43866146064113, 77.26186639771196
218, 151.10952429870872, 18.526835086389756, 31.587526315237852, 84.83992213750918, -24.449692918079037, 75.78472844083656, 7.2379181620824955, 4.664416442634386
219, 114.6442994694062, 19.39310166607718, 59.7806285362373, 8.139556648120813, 35.340671945528385, 6.72956927488478, 77.86720552319912, 40.13946978012561
220, 167.87705535341823, 22.68130750106696, 54.54690312561711, 8.759420041631902, -4.787385712310409, 18.677393765777424, 18.847032567667448, 58.46736091766306
221, 14.172935246426615, 27.30257364522185, 71.58570968348371, 8.524765067532407, -49.81124712598351, 80.82461408904793, 15.968695619784912, 6.133546643134688
222, 80.65466766053753, 28.18327305206481, 77.38234178453939, 49.8374511714985, -63.84180714931409, 6.456736877274187, 59.52606389816615, 52.17492599810833
223, 45.18205667063606, 28.300417142509904, 84.80803610927772, 70.40819346831238, -39.90976080314326, 2.1907020539731645, 89.19746606129252, 24.651929339220505
224, 128.26878302246115, 13.076567062095366, 48.547069045827094, 69.20605753764386, 17.921466879724008, 68.40065461635501, 66.64953353471248, 89.04709031697766
225, 113.38122835084899, 14.509899435996093, 54.25653904400605, 69.58940562498012, -85.91680175383263, 55.60851652539819, 83.72010323931457, 20.191272542989477
226, 186.1056682709957, 16.49871287155979, 31.95997548169873, 50.471012608899606, -83.20121581889445, 44.01937463516441, 13.116908772863813, 67.26836398873706
227, 178.11614264826164, 13.384807465091624, 8.840179682981272, 82.7971782390685, -23.640745334765327, 9.553499881656043, 59.35723287980049, 24.767419864505438
228, 19.909961912097373, 22.15928550844857, 77.32728239903913, 35.382602220210686, -52.18051897110969, 10.38634982149213, 23.34025388475918, 86.64586568457096
229, 115.90168352319527, 11.437404960291705, 40.50749444709485, 86.79222603369418, -1.512866784196575, 67.1118082294707, 80.76338373081168, 73.91280761588726
230, 179.23645722862864, 18.77761768453227, 82.9273135254844, 93.71515698596099, -68.49325557413393, 69.31006790567903, 66.48690279572602, 48.44703180563108
231, 181.58040150382524, 18.470966609698003, 60.287393122693906, 56.42595965899247, -30.72474566188012, 33.13967390989607, 75.214015403142, 46.00063443732006
232, 184.6039611302416, 15.210526414959842, 31.337126352837274, 98.0032682910528, 15.721154036511178, 4.095892252797705, 91.17956593896466, 16.242828811524532
233, 59.52423249406756, 18.577814995727213, 41.82239381869148, 101.34596044517087, -49.60820157197247, 13.684373069524932, 85.40611397525169, 58.445399637692304
234, 188.08191884046985, 14.384796962580449, 65.47651159960307, 105.71100419545797, -67.09137174848229, 34.99061311712936, 96.05494700343887, 8.455392810124653
235, 130.69045761354477, 15.336202692035418, 35.99982630316358, 29.633585307014897, -71.90969367703478, 62.52670441535971, 92.67200195486411, 64.84320336809947
236, 46.378127097602224, 23.167213517588365, 19.913197922403196, 4.644156921672398, 29.390182333429593, 6.216961656459529, 94.71145792643311, 28.19529513853722
237, 105.21130946021214, 28.29529895387201, 51.37214610944604, 108.09660155085403, -29.324474038538387, 10.035875488369745, 73.2180948904244, 47.23341069508542
238, 192.0509781491054, 23.435737115597988, 3.5269400688422676, 87.03024117330985, -24.13009551908833, 0.22065424350305562, 21.389298350557286, 25.73372723026852
239, 78.10533395749805, 21.955416119975325, 31.85477346627635, 11.665918147204472, -64.79090281922873, 76.0789364248983, 21.460016963531746, 52.77187990451949
240, 72.30103705156384, 12.128779890265214, 28.777267682271027, 31.273932817788022, -65.20664785686499, 10.890678749338964, 29.204933591428976, 4.103937461331704
241, 42.98192764902729, 10.795042215110664, 88.29174138538127, 74.24501794801829, -18.397335505532098, 0.03828274264983223, 46.330534289063024, 86.95025324832045
242, 102.96346855628744, 25.711527870536, 86.90323760052871, 59.979843474964206, -55.92507382124539, 76.35751887507973, 13.460008945385855, 34.95868452477665
243, 183.01396886823784, 28.499667488765045, 32.11892118400189, 15.060895858072818, 18.42072941765086, 10.037028902078017, 105.54071104091845, 15.843082868711686
244, 42.500430966279595, 14.90174893292652, 57.23361657935816, 77.8355619936176, -89.31346176831867, 78.87490293364841, 72.86888054464319, 33.04442210236746
245, 190.8547310161938, 13.501982054161555, 10.599282595538542, 86.36952110455456, -56.02376575042612, 61.567899074769734, 28.809736296008797, 76.07752776469451
246, 173.87604116496738, 14.286757113061547, 47.69351989662052, 25.95149118304849, -57.203766747531766, 18.799460674016487, 56.55975336053454, 2.2955049634539075
247, 156.4337439796708, 21.61484733934661, 82.82211304897712, 5.169830627006792, -15.17547960362366, 78.66199850195049, 86.93667488896526, 37.52086291495267
248, 50.494077470082544, 13.90694206371582, 51.604042970210855, 1.5193540710117563, -38.05916747536598, 67.49506607190047, 97.2884891842872, 32.071018647629025
249, 107.9558635076106, 18.503187194257826, 3.8504415078759013, 56.11201273557964, 14.009317174374516, 59.34926576673038, 10.238912191470842, 46.69653986746331
250, 63.56114092993969, 23.851724952729736, 37.93146549331559, 2.6142478606700235, -22.198472340097695, 42.50015682835913, 9.654328681249687, 37.8716965417494
251, 98.56891313884411, 28.625578575412405, 76.56356548756173, 107.96339187603971, -49.92784907711329, 57.70227704922565, 87.8288068850258, 54.76746965167295
252, 137.5061195283144, 21.630763207477784, 46.47240144237992, 49.98446990005561, 25.415301132787746, 3.297930756585521, 88.47097736709023, 89.73673814918705
253, 190.9237130557856, 15.602770816287757, 82.45783387643426, 86.05602669820469, 20.97353837773908, 15.187858985728331, 8.96900618703739, 74.14728753417873
254, 62.15338830330757, 17.008870922760508, 68.20491103571366, 40.222212996358344, -82.391525884063, 63.43264368903552, 86.49818138224235, 59.08413843229744
255, 167.61083686173134, 28.942769108274003, 55.57384906887851, 92.13311270970519, -40.541589674746895, 68.66858276373293, 85.80091426602061, 34.190096481580326
256, 29.431292384731567, 19.702995669389296, 4.45752971979555, 18.317573727704893, 8.320087868907024, 76.39580469812293, 77.02908021849841, 32.38764646651955
257, 70.59240348164124, 22.593104008714384, 27.987419819211418, 42.33155584936584, 18.30740846253914, 49.33311569759825, 102.31616819440079, 16.587760976587454
258, 113.9548204810197, 26.754680212029548, 54.630818112249486, 91.3172516826756, -70.48723333127627, 42.60905572070569, 40.09745874190099, 44.03154179196519
259, 137.55702547477262, 24.30241821278433, 53.898755596809956, 17.8092472280188, -65.99257136532074, 82.29938929111265, 78.7181742779146, 48.820529750381034
260, 23.363097348274295, 12.85432543721815, 42.798988966604284, 54.84471241083753, -27.921425172026062, 85.91417515480202, 14.802116162188124, 85.53812677426244
261, 83.50373701315449, 16.091587040738126, 21.514751820254958, 94.31164584010664, -16.270876157020822, 85.68161050607462, 6.943584695271044, 49.76581261120807
262, 184.62053175370104, 10.40221466868209, 64.10550163256367, 13.160563886066683, -25.996351866814962, 52.56812620686246, 11.172835562931128, 51.74603424988172
263, 98.75002129083616, 10.48222700307796, 8.428572477958308, 105.00631692483294, -25.116384446580483, 40.35705245263898, 102.81178642016037, 23.06023485793999
264, 151.2489546807971, 21.764820886784836, 66.31506297446712, 23.650065481066548, 2.6621917820944674, 56.74651128251208, 27.412092000060788, 24.181042165099353
265, 132.4861709708525, 26.07422745464778, 59.421165843795166, 100.32179390418713, 13.425727805709272, 74.5807003875777, 89.01747599500314, 2.981833655285828
266, 161.00163992786005, 18.814763435863078, 45.936448496310916, 64.1252423132338, 13.041937190152993, 20.71853341561003, 49.6130164936813, 37.34558485882795
267, 77.60693477081004, 15.948609621707394, 58.913377653080374, 19.284025864872685, -41.76291453709352, 70.0935221150873, 89.85057626205445, 40.59436756024953
268, 33.751970206215766, 24.046700317214047, 10.668839024292707, 93.39122704376243, -43.352219147605055, 48.12443182344058, 21.054599529257995, 42.660637866932355
269, 121.46571005131578, 25.935370875582286, 81.96552344371128, 49.33915277988726, 28.3018506833633, 78.75319113401675, 2.541163017981154, 62.14303053404057
270, 130.8567877137594, 12.473195171792472, 70.44309676603157, 6.718210400791306, -35.61781617587331, 58.64924434799556, 15.857476646855385, 32.28239367447015
271, 27.420904900064606, 10.76912357926207, 56.8285636910114, 22.280668768855875, 32.98611786014692, 6.727336984420694, 107.52497490819555, 19.273025702358932
272, 177.89892928977724, 12.327463157398086, 72.04914268982085, 48.763000049523285, 29.71923417083731, 88.64406778289522, 25.13829593349267, 81.70264857903673
273, 135.1916299512336, 29.70671798640825, 40.05508285280193, 103.59803230673823, -68.03517541537437, 69.30423158880163, 106.96519787903067, 66.27803974379778
274, 154.77476906328133, 13.08001740833996, 88.86991391031376, 19.460824952882373, -86.83998375006648, 68.579927059876, 102.59413125674958, 59.09446379533754
275, 33.38977763488962, 28.6481059407607, 22.001351763092764, 63.64874782626922, -32.33491383173881, 69.54076474920534, 48.79984350255713, 27.569835597351958
276, 126.23108865951257, 27.16268599045294, 0.5022483150493939, 9.590963246346043, 15.677074842455783, 59.03080153374298, 44.08932708439474, 41.50321703610266
277, 193.2970513561759, 21.308610238897643, 24.57391888712883, 54.311149522405344, -82.34860999810547, 11.613688535114774, 12.661497310921163, 19.054888106094182
278, 116.4207063746332, 19.235450432267925, 18.456649787266933, -1.6448763376888351, 23.494993476633553, 6.876923805883333, 6.615699588542765, 78.09656807512151
279, 189.03475902601522, 16.246237190243708, 42.052325884291854, 93.71087650875414, -78.3864783492804, 61.615885898616284, 48.449688940248016, 38.35025634554383
280, 107.11792104401218, 24.064906975633036, 40.60261920508908, 109.31828035034052, -53.16234418708229, 49.14561030253037, 97.91351323853901, 54.894797345158466
281, 143.04862645040177, 26.309876525998867, 64.13886729306284, 32.696280903214536, -26.42866739760332, 6.818247126115573, 53.471891431626034, 52.471760848915466
282, 82.07006981608839, 26.176677468618315, 54.36558662155474, 67.5198553409334, -38.363563249102754, 28.02162414892325, 101.13061388719332, 67.1044831791153
283, 57.5145064783776, 26.730493762403235, 28.977454297127203, 20.747538299931183, -77.31093407569004, 64.38735816789237, 93.10882787134389, 32.42066728950879
284, 177.2800293086276, 27.000639258742368, 16.517366250656174, 37.833471493738955, -56.96011658873969, 37.2153657767945, 3.440205749359442, 18.272791252673173
285, 10.788516372280089, 18.364682936866714, 54.83610585519576, 102.84185502215769, 2.5678056875515836, 23.819625157582838, 59.97267446790391, 36.48880085301084
286, 21.431465081732206, 24.884443875686927, 33.58550503772647, 62.970337194611176, 2.183654738881159, 61.37679020909159, 86.53512044005174, 63.00095509414898
287, 183.47041142681695, 28.990268724494765, 16.040549194984216, 25.195327103701246, -17.80169533986478, 46.34785743365226, 5.861463580527646, 32.474766310206974
288, 116.26818584191238, 14.243784889143736, 36.95823996126946, 78.31156572544084, 27.438086590530446, 48.90512620386686, 39.64590364809715, 62.75695153851095
289, 167.2078122614014, 22.5545380719271, 6.224419292238677, 48.858714865946844, 29.487816739992493, 69.61105171181697, 43.25008977988133, 84.49339577625827
290, 34.01837508077615, 27.16542840227361, 13.015377116559243, 44.983608956402065, -47.40434510742959, 17.628989314090095, 100.69648768494002, 58.17004738868292
291, 27.61836319107188, 21.1756553130962, 8.187684396235372, 51.63290461636295, -60.36339753331853, 19.311204310083674, 9.291073618043479, 15.137167263143603
292, 172.56863374301057, 22.160642106654755, 0.902588806797753, 108.30834339110218, -69.46689862145155, 61.837673946615254, 87.99312564021879, 73.09062089581016
293, 114.87387365121596, 10.789052077454446, 43.42409362920561, 19.123138898098585, -26.562058743671116, 21.94203875981104, 8.457637316374187, 3.5105766371514315
294, 97.15812014903055, 28.08764468579318, 50.98901106927973, 47.68145460704763, 0.7314483674145862, 9.466943325363546, 42.660483809113565, 12.832482365699097
295, 60.247195656169694, 14.567075436238344, 77.34077568480278, 85.34845889252405, -84.59761564377904, 39.015038195070844, 96.53397159260788, 38.10471817830495
296, 87.6081171382315, 17.019345812798313, 46.62944274129566, 37.844182263789364, -26.28703235693886, 16.903552786439626, 73.0267433129749, 53.837562433202486
297, 36.63058117228066, 27.31544778274613, 23.49609845922056, 49.46602242686791, -7.930464387148405, 66.50488683756242, 106.1754259779383, 51.98426699734294
298, 120.748547999351, 17.939356477576077, 81.75194911125413, 12.237050334794723, 20.712572538358557, 28.592604024105952, 66.8735416025933, 30.866083093323994
299, 34.29513943192272, 23.45173710125398, 25.482014410289224, 93.38636518080268, -20.094069880002095, 85.63976398116706, 80.08735909986446, 35.56254825156016
300, 11.713143325577445, 14.486773182539228, 57.9334312098745, 27.334385728972457, -44.684904265550315, 64.41084386086082, 84.37190329756707, 42.253849556732334
301, 193.28385070893808, 21.490900745485767, 61.31462506803356, 84.25650106125966, -56.54308886956453, 63.04376298802311, 25.66344888934831, 40.88562322507941
302, 65.5698315871206, 11.197943580439002, 0.10442903634553247, 29.86228337316382, 15.911991741080058, 54.827782303655525, 14.828856317262762, 56.79774717102171
303, 176.64708509212426, 28.15282583186004, 0.44069064310992667, 26.062212491159386, 28.770070472461015, 61.645036542720455, 24.828092334643486, 86.35739395791522
304, 12.156009160876394, 26.203057804888527, 14.683905619982397, 95.64950907175448, -5.8349488758603485, 62.330831701870444, 90.79582098422524, 53.541677222724566
305, 95.5261784588872, 15.300248186175704, 40.65527749073148, 21.884377214057224, -62.517084220499605, 11.006038539973403, 22.787758085134186, 2.503245115832222
306, 45.547549930849556, 12.83299156107065, 52.21953008121016, 79.23682110721242, 14.534103094562894, 26.93314451986485, 92.40416421363798, 7.012538981528363
307, 31.870516247802982, 20.647395259477527, 66.096239463725, 92.67660509352494, 20.5545163399098, 33.0853468581639, 1.3998252575963943, 82.83250771519405
308, 45.82074092544274, 26.83796186108683, 8.624826791534097, 86.94216973868103, 29.837449238463318, 86.3946843698253, 1.043778898186538, 53.46834033765114
309, 90.71492058591937, 10.791907095377633, 69.41968723812771, 107.78631310698509, -3.0666171540231346, 32.647729336941296, 23.15159450411357, 88.00156973773113
310, 39.86850901360995, 11.719427852292645, 6.8918004017637475, 48.41040265210287, 6.897794382127145, 31.32027105721537, 57.36432804140306, 12.884240464466252
311, 176.5453130191798, 29.932417296698965, 26.512112772520165, -8.271789425174076, 34.55952728630211, 14.258924145103204, 19.39509121816123, 27.76345882372131
312, 34.471830510321084, 23.591709968947583, 62.614949956257455, 62.78521230603034, -89.01671054694287, 53.538670949675904, 98.25220065611151, 61.532342086654765
313, 133.2309822526941, 27.206115523391517, 80.2528085004708, 69.61761996379595, 17.705392939044486, 85.5274631463989, 41.72110124198677, 39.99332524682248
314, 106.28799179132626, 14.862118694869785, 63.0915593082935, 63.784367104809704, -87.70282729470135, 76.35047884930113, 40.94255158852236, 23.76188028934776
315, 166.61159557609813, 18.088160566434098, 86.2436145198166, -3.0464940499399393, 34.08738354968039, 30.48772820174443, 36.56260894540582, 66.3532755024065
316, 23.39442279244946, 10.408639248460698, 34.46072243405073, 35.086779757480805, -36.68920264647537, 36.13118515218736, 77.39383233404148, 66.2616025203102
317, 163.7690116940242, 18.72248349577555, 76.6660598833565, 55.42205904924132, -29.069344626048114, 83.06256782934923, 45.20181285795555, 56.08770390772013
318, 44.84646312897699, 23.717227830573222, 79.86918971580909, 62.5098156639334, -43.97771982632437, 48.24027562618815, 39.88637039786909, 30.05228790446709
319, 85.14690613789008, 23.912906228065225, 89.31904226035013, 37.94129050054998, -63.981888636701576, 34.758361998236914, 6.188813427998058, 32.97914981962503
320, 103.16686191089157, 26.108726042868437, 75.39041541445933, 100.93489038970573, -45.580640276492325, 38.960849011712774, 90.3114072699898, 4.596434769829811
321, 149.78359525823734, 29.282497906542137, 29.81378329378697, 32.94496047455369, -89.09986160366954, 40.94696207283827, 97.96234291476034, 3.524346532671343
322, 193.87835941627412, 24.513911991801493, 55.4383986560623, 11.330863365965577, -40.67091416745292, 60.34527734696169, 61.16993991021668, 81.79788106505114
323, 136.87128940272535, 13.955764094400259, 85.58414501247246, -1.3689030302912322, -51.88939772480845, 57.84457068273331, 36.75737666069825, 51.47035484506024
324, 143.0568723096973, 18.462676713217245, 45.995290780667645, 38.684844551778674, -5.10860110106303, 33.776853260217024, 12.670513981400047, 11.483088355905739
325, 22.015533466602946, 24.546484907647184, 13.672683240136577, 86.37268974353162, -79.52336533521893, 48.82310696212984, 84.87971456660726, 9.752942243567308
326, 21.804396773147907, 12.671993963470808, 47.60191597417874, 83.70021174106742, 8.40259228961142, 35.72816013534796, 63.61504636968293, 1.2657798082525054
327, 161.77090182939386, 19.09412323208523, 37.26959833099755, 73.63180562525207, -15.01340860882969, 84.2949645250112, 0.3658885465369599, 12.127798676694571
328, 36.66579508905424, 28.65755224530401, 45.942791894554844, 88.33434247065703, -54.53669051888884, 53.08299992896841, 21.43572914460904, 49.1130129486109
329, 100.02133781069905, 28.24603240354453, 18.366641826585255, 19.668958049151218, -49.5536662171056, 20.541822092072554, 45.94866348267735, 47.56073389362691
330, 145.2286707213747, 12.871609434612221, 68.34150515898997, 9.84218368525562, -69.80853121257601, 22.413637265848077, 72.93264379654414, 37.61030326934511
331, 179.38193225383336, 21.76253415751229, 62.817601242188495, -2.4104649253170147, -13.569813689148276, 89.34137327435599, 32.718871480970314, 81.44545699297197
332, 196.73375611332636, 17.312734191267744, 17.467689026075064, 66.55421811925243, -83.0509116711678, 11.102254806818765, 61.16105827517889, 74.59999025674271
333, 59.97982329950256, 29.12956918842433, 28.684214280228353, 105.54238722091502, -76.82393319080178, 71.32598741158705, 5.170196798005185, 50.09257624779267
334, 49.83678208401428, 26.299442142959645, 62.55768031314471, -1.6966956725101348, -21.230097917212248, 15.65399819617257, 78.67768204395972, 11.506252340160405
335, 195.31038971905255, 11.207229325028292, 27.365266610598514, 34.43948303010966, -20.536064961681888, 74.99035395156737, 69.02042730886832, 29.92137073141923
336, 153.3590582113786, 14.273416023844462, 81.37687937637688, 108.53656189128884, -17.98566835998787, 32.178697389160675, 10.06121333174928, 59.397958451054805
337, 178.61295192429674, 12.535348491065228, 84.9823497831542, 47.22444592318516, -31.692860900077907, 54.13192216639961, 43.139058430137396, 76.18933005278876
338, 179.21441324915435, 15.59730827765129, 36.03292377599795, 84.31190414918407, -62.8366773384722, 76.63071532884614, 87.68449651655274, 46.16586904990102
339, 53.21965414081164, 20.91628219213963, 12.897218157875962, 84.5434562514448, -4.803156951727573, 39.899974110370515, 66.42493764587176, 52.88479415428301
340, 163.5930116500062, 10.927151957557424, 56.65054330541884, 77.70893575746221, 24.79680975252127, 86.26437682651276, 1.3183703357483978, 30.69139406227915
341, 29.835785798207905, 13.297669603699013, 13.891661473286721, 56.08776959093356, -70.60817332185178, 30.91375955296399, 52.567850288297365, 40.926405821507664
342, 167.67964598373325, 10.814457821023069, 10.008521407185706, 61.40997703510498, -17.258732866422662, 64.66440558188505, 23.592543952226187, 41.13054560519379
343, 43.005431558718826, 21.820066614373847, 80.1168241490918, 101.73456437482528, -74.56088784982954, 83.9161118992987, 3.8119196184133175, 24.350420150107745
344, 64.35339928759751, 19.68196939082729, 40.4124993295114, 14.122076576353603, -67.10291268718667, 0.48250305362469664, 55.139982418395476, 41.34277977651096
345, 86.27141109192132, 24.04952264101678, 55.39575855721519, 76.67167711643029, 2.5297523017459724, 56.46373439697161, 42.65127759262163, 11.168791821705566
346, 103.62464457080786, 11.28399038720612, 71.68872708172246, 20.409552008935997, -71.97732156298409, 60.20071561223447, 42.34720914907774, 13.329112653102808
347, 189.6611090626369, 29.56780552053924, 35.6089276503406, 71.26749570395722, -75.07713455570708, 73.98604310804812, 88.20560669532135, 39.809773482584205
348, 44.382604315132426, 22.823321187651047, 55.217941745327636, 82.91235195822762, -81.97951540681551, 48.90588476505415, 36.03288057263624, 33.31690898871532
349, 29.470505764488152, 22.924601541784988, 87.37055318466406, 45.110990008819215, -43.760874748956816, 25.253869554970628, 73.25243591931344, 41.50558534334811
350, 165.70707693019745, 18.880858167362184, 30.095907729762498, 85.44863728300909, -77.66272883582994, 40.534023591695394, 86.23610407955381, 44.514144238608154
351, 58.63261407143621, 22.53826360055946, 29.517979517711776, 27.536842587960045, -22.894283340033397, 46.679454034899855, 63.71930995364054, 41.542478575115645
352, 102.53565065336495, 19.535063475817, 17.496918016433373, 3.0165085382777033, -53.34007073910661, 60.97957397574991, 61.91707933644321, 49.686658178823244
353, 57.20481272974036, 19.689303539248726, 43.95058344358821, -1.4480431118842425, 21.101128552793497, 63.166328171418215, 28.10379612173795, 22.70012909486131
354, 23.54935910802962, 26.41420159593148, 74.67168800815995, 18.29889956489429, -74.09864951726507, 73.62947101351156, 57.81736614087994, 43.43380909437902
355, 38.61769760190152, 23.425727071819367, 60.695563984770295, 108.30949579095399, -68.11516584012467, 36.663886031819835, 106.29789827658936, 33.52488105671225
356, 188.8684506350482, 11.635636353643386, 5.171985353803924, 68.91662605754605, -5.3232832227008515, 86.05312780098741, 73.24097687696558, 9.11148665972918
357, 132.9498524764726, 23.709257740534937, 88.2987952394554, 91.188899322403, 1.2261492969922045, 48.81417328713507, 99.21382539482087, 56.067188143112936
358, 144.2454546209301, 11.636644797378947, 76.6950559052944, 37.39205088073991, 10.758287701856958, 44.38986825490693, 31.472026383508485, 31.264077878275025
359, 143.2719619758282, 23.327491403075342, 69.88797682855736, 80.52196109198574, -12.491078971293291, 87.73319061550681, 88.7243660688143, 52.085445506356656
360, 103.72958195566878, 12.152335720912419, 55.08291431442456, 69.13926398687397, 30.585206585414937, 56.4227592467571, 40.62397091785958, 33.53155779158373
361, 159.36966893574967, 17.058977260245864, 41.21068399889592, 22.53296740734958, 13.558580966735363, 66.14115762546582, 81.44667397881744, 48.005313246136204
362, 85.3798218050406, 21.338939733623096, 32.95297443332986, 75.91786619514991, 8.963677144867361, 45.32834285546471, 6.12130211289119, 38.3820529717958
363, 41.83796261394198, 19.278329195768023, 39.69474678702393, 62.445822115251104, -75.46005145829571, 18.97340312474757, 98.77328686526256, 9.34173937612055
364, 172.15298404402355, 26.53123725468334, 79.68284913870632, 82.40339130128268, 23.34842738588705, 61.858571897034146, 9.6898534873605, 64.82574791587868
365, 59.2754243507362, 18.29642880746846, 87.87399892531255, 107.02834735516723, -11.705661262516358, 68.22283718205686, 42.39168899711247, 13.372600196032417
366, 81.48161770273215, 28.559175789699932, 52.270520423703374, 35.30674052797333, -0.3514224232755936, 58.05596192618217, 27.754574745704463, 23.61207078428966
367, 100.8119961619581, 15.36393029393823, 12.17286160477648, -3.563875263906212, -8.393002964168915, 89.06269257129247, 23.453498730256182, 15.852654693081318
368, 114.98639404671111, 13.280792991769424, 77.37738404257982, 33.93630144091169, -0.6492157160816845, 54.11891036527776, 80.87983114589606, 89.51706408777375
369, 162.88926094472572, 27.115736605265525, 80.72709399281409, 20.93003988087395, 27.816128914948383, 88.67670255124017, 6.095130174594068, 31.109208450097693
370, 176.31759275193443, 17.67356525465911, 28.40270322617441, 47.75271130038958, -1.2915343497459446, 17.55926122711973, 75.50432269865793, 32.137957703674076
371, 189.47999731925057, 23.683610969732456, 56.102523781950175, 60.69768788898642, 23.068316432032702, 53.220660160748636, 34.04976831127022, 3.8744640370251244
372, 170.45559002325564, 10.33716984870441, 5.8432761458484075, 57.46743060195356, -7.244619187364804, 67.75861719921909, 83.34156965119546, 4.74414639735772
373, 73.67935357567653, 11.169312057089035, 60.603586752295854, 6.752838875052222, -26.826525861273034, 28.288915873730495, 91.56680398481761, 39.752653806919135
374, 124.8020736828561, 28.75256638673494, 36.04638671322429, 86.16535795012524, -67.65957114092787, 52.747344826624065, 14.6302777237968, 6.084025870228968
375, 184.58076427797297, 24.988194209509135, 53.00137093476137, 90.71862151695245, 34.68722318611698, 81.38834014747789, 23.2199115209694, 56.15851718251871
376, 28.989230804607395, 11.143985894262979, 78.90712687649344, 56.30647531138105, -7.217964768429525, 36.99719877128139, 64.89063541427588, 68.01720693812732
377, 169.51132076784103, 27.14710916479971, 29.859685567866325, 77.11666578321176, -70.77611323521984, 76.79187106742764, 82.24359813858672, 63.76497771777273
378, 131.55741543773922, 26.168872682296826, 24.24898888947288, 65.29120461367663, -30.41858324065558, 22.179578175256687, 49.48815893858718, 85.02754925157981
379, 127.24224699976052, 22.30282604623672, 55.3798519907264, 55.41483159654129, -29.25280063610653, 27.028817729214452, 47.28015361129268, 42.94627247407997
380, 100.69983227541205, 28.494490337762223, 35.63603565310188, 10.652400528286199, -72.96383983446363, 20.88813326101897, 59.28689701578762, 53.688146073061176
381, 40.1432606834138, 12.175891980262856, 41.137053130431426, 2.119730864962925, -62.40514210550742, 9.746960351700022, 84.21209152624576, 19.173967338744884
382, 86.83255095874668, 24.089844899019017, 51.93027157615933, 103.77137390934315, -88.29847329142105, 89.19255574434534, 78.47304215682466, 23.095786365291225
383, 52.32766692334289, 27.824436523034514, 80.29425186738327, -10.158068756831264, 32.77352713570665, 7.289366192468156, 26.289889989543866, 61.94026277529408
384, 51.46344930284556, 23.80588480696668, 29.361984723132828, 52.32185035641595, -42.35765271409102, 58.076379040823014, 31.091028699378725, 8.510804949055746
385, 104.14530788491996, 19.28629251788676, 51.469944686970365, 72.92226421802775, -60.16340594696172, 17.022161762646007, 29.148722240955546, 0.5969381775221771
386, 195.705934663497, 17.40176936584055, 1.0007639310270433, 62.321750418831755, -22.218958492245207, 36.44038377223358, 14.480198666063057, 52.617205212923
387, 45.70787220225904, 27.38923942850368, 27.88098851437311, 60.48005427014765, -46.41602803378515, 45.47937961443982, 43.097056692312115, 60.07920063835258
388, 192.3825527734395, 14.558780156879598, 41.16669944166053, 10.780116698660837, -56.001393711370454, 6.064323004737795, 3.0966171154587343, 60.257609418204666
389, 118.95866914131345, 17.843280010667534, 48.44237317093657, 93.17980078410721, -65.74716202622629, 57.05146034740544, 95.31064075843345, 83.88931650719988
390, 40.974861160604426, 26.41579356302512, 33.38848183340886, 10.664590046825694, 7.060126194724631, 1.9954943690561722, 74.40800926209911, 66.11376325289116
391, 144.12567421350104, 22.295105492455953, 62.058641609294156, 94.94363664874761, -63.270577469325765, 70.58464671809843, 25.08100796909391, 53.9520399742062
392, 112.79775129944544, 19.331569431687466, 52.17502923431839, 106.9549226868766, -81.44067057577698, 50.65381022681589, 17.031143985337607, 34.55431263272993
393, 119.81667220874394, 15.450006886159521, 35.48707851072118, 18.56998229647955, -4.62310604656264, 15.383312260236009, 72.4151289436915, 14.243850966077487
394, 150.64955582022478, 23.004350012190308, 45.75938167110396, 23.01844681261018, 4.647025993146756, 64.77839151028661, 48.871171059079586, 8.663605177769725
395, 150.97442677996273, 25.506670025865372, 64.89898524305312, 107.26495307122532, -55.0143580902868, 14.556823418677837, 25.576891564166324, 69.3413407372091
396, 72.88392827652405, 25.415868469263664, 3.275577327526288, 109.41789534324892, -75.92234558610193, 5.458454888710774, 44.76152615890339, 46.819473554416916
397, 136.3237099727981, 21.88462642751746, 71.49388155195315, 73.29474183087598, 0.8866133364941503, 64.56934510965839, 94.77901365750401, 75.58842258001602
398, 182.01557755521495, 26.62602295991889, 35.67032763493151, 87.92297868914216, 8.070981933384006, 40.15557121538172, 56.8342155473026, 82.35082150114253
399, 137.583010620408, 16.130907905703516, 9.237354394282502, 70.72216390583976, -82.92068485740552, 42.93786019398619, 94.14898688359905, 6.017348886250709
400, 192.39823966883426, 16.384835554160567, 81.11738065051566, 54.803702426963014, -62.23509354417755, 45.38236566175027, 108.93442305909856, 18.752380671448613
401, 62.25312198795986, 17.259832633588154, 69.03923199006151, 62.61601001595658, -30.826601336217024, 30.348821403653048, 88.02473485068613, 13.8946498353697
402, 35.099433060236294, 21.425720638784888, 7.900607059991881, -0.052556331122278976, -33.49955321622554, 77.7040192871794, 90.28191577021273, 60.11463178098089
403, 67.22064453497063, 25.614619645142515, 64.76615447525694, 109.7898132554912, -63.80838521143181, 34.83508903568433, 102.8315368396352, 81.80953914211432
404, 98.68681688825902, 16.206479695496732, 62.891343726611304, -8.803706711587498, 31.459469614562323, 37.446829381155446, 87.3990075377158, 52.62337950707391
405, 55.66058974034069, 19.559185354958657, 33.56378677840807, 24.58301578758541, -51.682640596484156, 74.55994818240497, 73.95572713319338, 23.3110848354281
406, 163.01236131070783, 22.817671409194457, 12.222133254098418, 80.08541888629023, 19.019714972257233, 21.571748944265675, 7.786049542478859, 6.083431894050686
407, 100.544801785282, 27.660943203093595, 35.40055387321181, 36.43215995401056, -65.14662054906805, 9.159004053040013, 32.233931245717926, 77.29733302056353
408, 73.85323339948073, 29.46925366108414, 48.28989180328343, -4.169771319376277, 4.470981336198108, 70.70407592931176, 97.15763629757777, 39.26704471833162
409, 182.26409414258384, 27.618366726688404, 49.894292028871035, 17.634889132455793, -41.197756629023544, 52.58760771350254, 0.05305502640459703, 0.6179764569561075
410, 48.62736714726811, 16.200348071415167, 22.66118408833359, 70.7208636842802, 14.119188976175565, 76.35277598872291, 16.835710323252364, 66.47701411843929
411, 104.72365958567059, 10.68049944279066, 21.933930065212788, 24.94760668458197, -7.035936651359948, 40.75901074314028, 65.06606239349698, 70.93616122542588
412, 86.99741991100038, 21.350621236909504, 74.35799977000597, 64.16787974294438, 19.011629129238045, 21.63672497814655, 38.33563539402971, 11.552916623747235
413, 139.72126506472355, 28.20218313586734, 48.2295171022214, 36.133902357829626, -10.883935816066696, 12.921459533751479, 38.978691684024724, 71.13029425340179
414, 49.23522931528615, 18.949201259310733, 41.36464849327467, 67.90490608894048, -18.13992676867261, 71.20463973070979, 19.409889629736412, 44.88729903705494
415, 175.1285297442384, 28.797035826347212, 40.89412222781175, 67.4310515309711, -71.06737645074702, 85.02649340539045, 106.91317589147803, 10.571263691624512
416, 141.07235363971319, 14.281247250946992, 14.942033808901614, 106.08390679087786, -29.32241085233081, 43.96234641496371, 46.564918971879344, 36.243720155337
417, 197.33597121081232, 13.806791363628182, 36.190305516320024, 32.610651670477516, -10.786617707310883, 79.80676736803727, 36.610970487022215, 5.339910826303624
418, 110.14276373688223, 28.50002155654091, 49.58452848116787, 68.808600613465, 19.057067674263607, 8.953564468103519, 49.691627081922334, 14.975612081064844
419, 73.73766931064951, 25.982285005236758, 59.03030594899936, 5.840946080889868, -14.090488027447691, 49.65287198758787, 33.15340104833144, 3.3281377102059784
420, 21.63035035393255, 15.156844057814823, 26.03562026588865, 52.58689942438315, -65.91178979697565, 12.566712669713949, 69.68039985452644, 87.43219089159257
421, 63.42811084928386, 29.74493130442688, 26.823518116264776, 44.59033184563737, -51.120031158444206, 71.07259261117784, 50.41295292797816, 18.402390458057468
422, 95.59684207225449, 19.679454651588756, 77.15339523772455, 48.59266877224468, 14.014537592196035, 65.57846224239535, 62.271020530198264, 47.686046055860984
423, 82.01903368294444, 15.855250268852064, 12.589561208989618, 2.3105997427433227, -12.120089734610518, 44.17227686573673, 30.570383401632107, 40.73609844270891
424, 110.28804190828387, 20.83752293441793, 50.2785923728452, 22.81428894320208, -43.137968541198475, 9.782556370401625, 15.775472100279778, 21.92610882717272
425, 129.2601438914641, 21.39652544874852, 3.216321026569843, 13.006495260309693, -25.266819403840117, 15.435353624804458, 73.37888057950738, 40.985473434060594
426, 170.82124247952382, 11.885271904390786, 19.355275622568527, 15.225368764624736, -80.36856217736447, 52.308346520904486, 39.437114830396006, 10.267720284725488
427, 114.8501730952535, 29.940428848813365, 88.56846890477124, 1.75583601909136, -49.15343063354455, 65.31706018480483, 43.787877320540154, 86.74065199998206
428, 152.78051889133, 19.76754549544444, 21.475068443830974, 69.1569605789935, -88.75432943032466, 74.77694033985289, 4.1882588941217485, 31.403448597052268
429, 142.45488324679457, 27.074356342723533, 4.465428546865659, 71.27169784400438, 1.1173664990209744, 3.521961135146077, 53.54130109708289, 29.983269676783088
430, 103.8899654024452, 17.102281208255025, 28.708157133009248, 76.91177091733975, -86.54229823630979, 20.77324059046081, 28.58301814075734, 45.40499573197521
431, 100.28990755432142, 12.3305728405198, 19.025715907795814, 104.93478795643179, 3.7449883278486453, 1.9871316682991114, 35.49919013964272, 42.15348486672205
432, 81.2142061171793, 10.026602136587437, 74.96466248909051, 84.7519691108937, 22.14599938002712, 14.877157573652307, 69.53590619240381, 28.17635840982878
433, 95.9870227473476, 13.577700326802194, 33.365099952296596, 28.385077527513864, -52.56092804228965, 36.24586267947801, 15.68330545989136, 74.06269700742591
434, 139.25951495851248, 24.778065221331147, 40.492391127812795, 41.32902002558494, -59.35312897259526, 46.290099226001985, 23.215386344297144, 8.339396889290876
435, 131.3884612359939, 18.658370444837352, 85.18974206054739, 41.212459373451, -78.96141268879404, 84.90614686661567, 26.043780121772322, 61.35112159867226
436, 169.81038714214364, 13.137240688519904, 33.561768620105944, 46.37689433976173, -27.084114588710776, 48.04472563447262, 45.3791387459827, 21.7077747814197
437, 130.79861438763106, 11.945369750992729, 17.14828602274408, -10.578722547080671, 20.109577836702783, 72.4718527625804, 101.47148235265473, 54.84520326100455
438, 41.62434217894362, 15.297641850413054, 76.6307242924512, 76.14136505272114, -18.515669517825486, 86.59382712204545, 108.64790479813048, 86.60021793722004
439, 196.7149883859891, 12.476243166071, 86.14919825754393, 7.911149840359549, -46.37452098559368, 0.1631124119848193, 50.51450326350181, 76.31434886242435
440, 115.65552712737473, 14.042107459727537, 37.801574680852724, 70.83574955005095, -78.5284627916378, 11.887015137870584, 13.82024033451519, 34.028476235156695
441, 31.131811475212782, 25.444182008542374, 11.760633468144723, 87.83833794992206, -46.63176505094977, 9.132690721507714, 8.883410790270883, 85.55808020010873
442, 90.67093892714196, 18.71285142782535, 57.330212037227625, 24.643160350328067, -43.94363148204866, 53.21618796064197, 12.819443684462422, 49.98105786472226
443, 99.09810240625879, 12.701557946502067, 65.91281806961766, 44.265708929291115, 22.4430629160195, 47.8476272277724, 80.6026489638504, 85.09747023341514
444, 34.16330442901183, 13.001318617239486, 49.84902595192668, 98.88688271527124, -58.26402323035826, 4.012945835054533, 99.18129950361127, 34.37090238280356
445, 159.08192981378295, 23.642221303106382, 47.27860748441455, 64.57917854833474, -86.48412326143988, 44.72106483131113, 79.13134595860001, 16.02594996130079
446, 23.909928099236105, 26.51221409955345, 38.68850036120349, 97.83502134569329, -31.25148905893031, 12.391067832560429, 7.304830617022448, 76.69838979758347
447, 198.25168820299135, 19.659592340089567, 44.66917905880366, 108.48394416574159, -39.74952036059403, 82.40147340747075, 35.882402691498974, 82.33728447021993
448, 102.73602380183793, 10.733671136729843, 36.86403490854855, 76.77319636944651, -84.64555337299197, 56.367760786272434, 3.7297483146350894, 29.98320536732685
449, 130.9762209941141, 11.01611942125816, 47.7972518874613, 19.359436468886564, -26.6836895847591, 0.38845053031129173, 27.545472340616037, 86.67942408832332
450, 68.88687350566666, 29.55642458974893, 17.2177349146691, 97.40372628291625, -75.12555075955443, 86.2711474252368, 39.92415716664264, 39.72248751660475
451, 84.1961894673992, 17.412584956506294, 9.079699677776015, 40.79869912704111, -23.739126178568895, 43.048493384837904, 64.44246203494791, 74.12231440152549
452, 42.53285703518966, 24.02394780447529, 49.984426426816334, 13.93694547547721, -17.074529629105637, 2.9035703255828937, 8.700927350129637, 5.091244282272768
453, 182.09462276315142, 29.527940326533543, 43.72307281048078, 38.99392738803721, -21.162255339360414, 35.2582573452968, 37.92244233642267, 34.02027353317905
454, 139.4264582101049, 14.435525648933329, 56.98035838986371, 0.9770136712406341, 14.545330365249471, 40.59830847668885, 19.982169779290327, 65.171093237702
455, 43.85850234197811, 28.467279838933067, 84.43399134908469, 64.24646251778032, -23.169497846639032, 39.32694723425876, 40.71410830405265, 64.80883207364734
456, 31.12442138880683, 24.416194939892087, 28.599956202470732, 89.92503657979881, -49.18044381631758, 32.018303399541125, 50.992727623151794, 79.81451723023625
457, 164.95117486131778, 16.296553900156837, 29.57443846109961, 38.64723157361032, 16.707198715294027, 62.677864145374514, 63.57151566173284, 71.89045834615249
458, 104.59282459011507, 20.270393805395816, 9.65655865312437, 25.15244994544518, -2.4261722510309767, 83.34226099677751, 88.05215512286708, 0.6792284664636494
459, 177.5792349985644, 20.791351983137297, 73.38806940299264, 105.12150099529435, -43.10831908407392, 86.32070785815706, 75.71615407846275, 73.78851684245615
460, 174.8802157700676, 27.98032339338476, 89.4943106614624, -8.711098616375509, 12.216220833738703, 29.633085164609636, 32.531536877985964, 67.553692756407
461, 11.998469837338789, 15.55077179400345, 48.42329153985363, 29.35289151979917, 17.954552421518017, 27.708621849940506, 67.57141202330811, 56.178765920755396
462, 60.67164112929841, 22.58841323194421, 2.2075512615019566, 78.7576131177825, 22.54167777600173, 20.79057438775088, 103.43444797344297, 77.48628051825885
463, 160.81732314752662, 21.77549763725585, 33.04912550249477, 56.26320063110215, -75.51158340472074, 63.78563270507908, 60.34483007170531, 12.052964930718545
464, 119.67472336109401, 10.407330166942632, 80.93712409460738, 102.87100290042493, -15.784241883353644, 13.346203477456427, 34.27462857783507, 39.6061901425641
465, 140.92590539514296, 10.960374953626362, 15.522698322891552, 20.84443333795754, -8.407067499723539, 77.9287769679791, 55.51844197752075, 88.85773835281111
466, 161.99072679262605, 13.526211899503977, 78.06595097379699, 75.92230158007068, 13.682369164852702, 42.65184655286048, 27.928080619252185, 13.014654846519974
467, 56.259330521199914, 26.68489438610604, 88.31408404986466, 87.96987909148265, -73.51280098316889, 32.98073844560124, 19.423335455839226, 22.870021387578095
468, 163.2128800751691, 22.155877583637462, 3.0438845728797155, 94.60502026155962, -3.3663491126975487, 47.45464707645339, 15.614341294976429, 3.3353465386716143
469, 135.74066882251583, 15.274121254920342, 52.03458638447971, 52.4381595789232, 3.185483625842693, 21.052497442366633, 45.461113333723084, 42.73466745462575
470, 80.42368818690012, 26.363618920908152, 80.20213886632399, 107.75362648267976, 25.425504099870434, 36.76888190639567, 69.1846177378899, 85.93918164589113
471, 83.92548443338316, 28.873498758171035, 64.35829816236883, 98.32570923369435, -74.28218462243193, 48.61661809018538, 51.32816025018689, 71.97978501724174
472, 89.89459182456854, 27.381822290730483, 51.98683263805878, 39.450687163817875, -72.05563659250527, 63.54543999252492, 68.5603128255815, 51.246485231609455
473, 62.40430300837107, 18.284946997974263, 17.559101608664328, 108.56567299941021, -79.8698630066144, 73.67965255237789, 20.94795502097455, 58.00012197570367
474, 125.71550095106974, 14.957476391752493, 55.71180359563562, 43.97219321516179, -70.7070938391139, 52.465114813008036, 9.920358427045885, 38.03933703951182
475, 141.88209706628285, 21.699275494590623, 58.88837965091208, 0.8402414968419585, -12.435268865838651, 11.117363054445965, 4.541174180762477, 22.02005976871198
476, 177.0112229161089, 10.971361083423412, 63.16257173554552, 51.84249200957027, 16.934549648572556, 50.109852310820095, 76.48044526883562, 83.84538767803917
477, 63.781785248647395, 19.421811257037753, 16.298489436086477, -8.465302578288, 0.9058859711473559, 64.26735394278437, 19.70273839099026, 39.63342484537422
478, 61.000470532977886, 21.417892986422277, 2.075936273259666, 54.35816056043315, -69.6662610549128, 78.51227816577476, 58.49411719112039, 6.7620178796591475
479, 175.48387675863847, 24.874919363777423, 43.607424876231704, 97.65549443483427, -75.43533756454251, 41.24581431719727, 7.72003945679986, 0.2655025806913314
480, 95.05646306191295, 23.979282598751418, 88.16772039745426, 96.49637110805925, -86.51864717600941, 80.24436676434384, 21.60542050656685, 17.34198863136487
481, 191.21850445565045, 17.572584778345554, 28.10859132182692, 68.9653728348508, -2.740848303296886, 39.75775541773687, 81.43084708500419, 33.25442300576876
482, 41.94115768100558, 24.513068206423274, 4.220337497855291, 22.500843646666922, -34.01640453820961, 81.2533341207558, 47.07585619986004, 70.92386266129651
483, 123.31189188775835, 19.176914041967272, 70.618994966235, 70.9883457636549, -47.80833913579062, 33.563279516809224, 37.09151262787634, 47.60827635297835
484, 186.39169594960862, 14.361632746580852, 41.49714694930394, 93.13087776654733, -86.60659036166193, 15.395358117183907, 85.62872500797428, 64.97783083817824
485, 91.10554248559686, 12.335319016562714, 71.49613095425576, 16.935970404343283, -64.19839326335938, 86.23741454509597, 15.923312933594456, 48.89241491229627
486, 185.30004113962607, 20.53018396125737, 29.44941345616144, 76.9408502730724, -26.68958093110904, 24.869328687676468, 31.064727604915344, 67.70144589657912
487, 104.85760564219925, 25.25495951423604, 87.07197658006896, 32.05228362068916, -82.63412677023557, 43.54516115268852, 39.872526372350386, 77.72046778404174
488, 33.11891071214999, 26.736930090490723, 13.242571814371804, 39.92327789325514, -10.723628733347214, 81.9110565740295, 109.97270375097304, 58.38454090772506
489, 172.80622617978142, 21.44511383704788, 16.164153190530218, 77.03843308676872, 5.01176204555388, 1.5786189030035425, 17.344124030109686, 78.46921470196264
490, 171.82576808526798, 12.360027498609629, 87.56165226640289, 41.199096155337784, -87.64199241897381, 64.01940108900575, 63.61797203215855, 61.33455240214163
491, 120.8158962027775, 18.52908467216939, 27.705878816432353, -11.762581953240705, -9.056983677846203, 89.71683872612095, 16.0092166655371, 61.18667062244202
492, 83.06398723702173, 27.893822027071828, 40.444857957140094, 55.31199119805767, -52.86061768797083, 43.68188905289492, 79.16081999348354, 24.00209511089035
493, 159.31293188799418, 24.160319274779503, 32.28205968613935, 23.951173405760827, -26.52530099077166, 13.945212968358929, 81.07737986416701, 71.57921962441341
494, 181.9596098774209, 12.203348287680765, 1.9444470319718854, -2.7500668748987316, -33.69807568478104, 3.815559392910086, 101.06707312896584, 65.48710294506581
495, 154.7017931236486, 19.203658429699388, 18.91816367238239, 56.81138124162784, -68.07001865332094, 20.780609286530293, 45.940152493883154, 11.509429458080724
496, 165.33257966860612, 27.023864017746128, 54.984464918845255, 60.35117913567213, -72.43572414425392, 36.64550423091534, 20.061991693101927, 37.11666565352654
497, 32.228133078300054, 15.073076209998922, 17.847226879509403, 43.805876999827404, -86.10171499202823, 53.63001873905277, 104.11701279288171, 6.115976785091983
498, 158.74968134327187, 12.62812613776665, 76.92161880409347, 27.25935646663895, -23.737798645065727, 12.323881221106193, 14.32717351783805, 42.26591025472783
499, 111.20295211953334, 18.061121206158855, 1.83399118726915, 108.02927062288406, -68.40958281891704, 80.21268635638059, 28.744191324753956, 50.62673979334124
